Bucks,Knicks,-4,-12,-17,-25,1,12,,,Bucks,1
Bucks,Wizards,11,4,10,-5,1,30,,,Bulls,2
Bucks,Raptors,-5,-14,-10,-19,1,21,,,Cavaliers,3
Bucks,Nets,0,11,0,7,1,16,,,Celtics,4
Bucks,Seventysixers,8,2,1,4,1,23,,,Clippers,5
Bucks,Knicks,10,3,2,7,1,12,,,Grizzlies,6
Bucks,Nets,-6,0,6,8,1,16,,,Hawks,7
Bucks,Celtics,0,-4,-17,-16,1,4,,,Heat,8
Bucks,Nuggets,7,11,-7,-1,1,17,,,Hornets,9
Bucks,Cavaliers,0,6,9,3,1,3,,,Jazz,10
Bucks,Wizards,2,-18,-19,-29,1,30,,,Kings,11
Bucks,Cavaliers,-5,-15,-7,-15,1,3,,,Knicks,12
Bucks,Pacers,-3,-4,-23,-37,1,18,,,Lakers,13
Bucks,Pistons,-1,10,26,21,1,20,,,Magic,14
Bucks,Kings,-7,-3,-4,-11,1,11,,,Mavericks,15
Bucks,Magic,0,-6,-21,-24,1,14,,,Nets,16
Bucks,Hornets,6,-8,-6,-5,1,9,,,Nuggets,17
Bucks,Nuggets,5,2,7,18,1,17,,,Pacers,18
Bucks,Spurs,-7,-10,-21,-25,1,24,,,Pelicans,19
Bucks,Pistons,-1,-11,-8,-7,1,20,,,Pistons,20
Bucks,Knicks,5,4,12,15,1,12,,,Raptors,21
Bucks,Trailblazers,9,9,-2,2,1,28,,,Rockets,22
Bucks,Clippers,1,1,-7,-14,1,5,,,Seventysixers,23
Bucks,Raptors,-7,-18,-10,-7,1,21,,,Spurs,24
Bucks,Warriors,2,11,3,13,1,29,,,Suns,25
Bucks,Lakers,-5,-9,-20,-18,1,13,,,Thunder,26
Bucks,Clippers,-8,-11,-12,-13,1,5,,,Timberwolves,27
Bucks,Warriors,3,12,8,-9,1,29,,,Trailblazers,28
Bucks,Suns,1,-8,-1,6,1,25,,,Warriors,29
Bucks,Seventysixers,17,19,22,13,1,23,,,Wizards,30
Bucks,Raptors,-5,-4,3,-21,1,21,,,,
Bucks,Mavericks,-10,-9,-7,-10,1,15,,,,
Bucks,Thunder,1,-11,-4,-8,1,26,,,,
Bucks,Pacers,9,7,12,4,1,18,,,,
Bucks,Timberwolves,-13,-3,2,10,1,27,,,,
Bucks,Spurs,1,-11,-15,-25,1,24,,,,
Bucks,Bulls,-8,-6,-5,-11,1,2,,,,
Bucks,Mavericks,10,16,4,1,1,15,,,,
Bucks,Knicks,0,-10,-22,-12,1,12,,,,
Bucks,Bulls,-9,-5,-3,5,1,2,,,,
Bucks,Wizards,-11,-13,3,-5,1,30,,,,
Bucks,Hawks,-6,-5,-3,7,1,7,,,,
Bucks,Hornets,-10,4,13,13,1,9,,,,
Bucks,Heat,1,10,18,12,1,8,,,,
Bucks,Rockets,-3,-12,-13,-4,1,22,,,,
Bucks,Pelicans,1,-1,-10,-17,1,19,,,,
Bucks,Magic,-7,-3,4,7,1,14,,,,
Bucks,Grizzlies,4,-9,-14,-20,1,6,,,,
Bucks,Heat,-5,-7,2,-4,1,8,,,,
Bucks,Kings,7,3,0,-7,1,11,,,,
Bucks,Trailblazers,-8,-7,-6,-12,1,28,,,,
Bucks,Jazz,1,4,-1,-3,1,10,,,,
Bucks,Celtics,-4,-1,19,1,1,4,,,,
Bucks,Wizards,-9,9,-1,7,1,30,,,,
Bucks,Hornets,-3,0,8,-3,1,9,,,,
Bucks,Hawks,2,4,7,8,1,7,,,,
Bucks,Lakers,10,6,25,7,1,13,,,,
Bucks,Celtics,-10,-10,-15,-5,1,4,,,,
Bucks,Pistons,-10,-10,-7,-11,1,20,,,,
Bucks,Rockets,6,1,0,7,1,22,,,,
Bucks,Pacers,0,-10,-10,-5,1,18,,,,
Bucks,Timberwolves,-6,6,17,15,1,27,,,,
Bucks,Thunder,-20,-16,-5,-8,1,26,,,,
Bucks,Bulls,-9,-7,-4,-10,1,2,,,,
Bucks,Heat,7,3,-5,6,1,8,,,,
Bucks,Pelicans,5,3,6,11,1,19,,,,
Bucks,Nets,2,-1,-1,9,1,16,,,,
Bucks,Raptors,6,-3,-15,-18,1,21,,,,
Bucks,Grizzlies,0,-6,-5,10,1,6,,,,
Bucks,Jazz,-1,-1,-14,-9,1,10,,,,
Bucks,Pistons,13,3,9,-1,1,20,,,,
Bucks,Cavaliers,-10,-2,-4,-9,1,3,,,,
Bucks,Hawks,-8,-5,-4,-11,1,7,,,,
Bucks,Hornets,-12,-17,-26,-24,1,9,,,,
Bucks,Suns,-4,6,5,11,1,25,,,,
Bucks,Magic,9,1,-1,3,1,14,,,,
Bucks,Bulls,0,-16,-6,-4,1,2,,,,
Bucks,Cavaliers,-14,-24,-26,-29,1,3,,,,
Bucks,Celtics,5,-7,-21,-15,1,4,,,,
Bucks,Seventysixers,6,17,6,1,1,23,,,,
Bucks,Magic,-10,-14,-12,-9,1,14,,,,
Bucks,Pacers,-17,-16,-8,-5,1,18,,,,
Bulls,Cavaliers,9,6,3,2,2,3,,,,
Bulls,Nets,11,3,15,15,2,16,,,,
Bulls,Pistons,-4,4,0,-4,2,20,,,,
Bulls,Magic,3,14,12,5,2,14,,,,
Bulls,Hornets,-17,-22,-23,-25,2,9,,,,
Bulls,Thunder,-3,7,3,6,2,26,,,,
Bulls,Timberwolves,-2,-1,1,-9,2,27,,,,
Bulls,Seventysixers,9,9,14,23,2,23,,,,
Bulls,Hornets,0,4,-2,5,2,9,,,,
Bulls,Pacers,10,8,4,1,2,18,,,,
Bulls,Suns,13,6,2,6,2,25,,,,
Bulls,Warriors,1,-3,-4,-12,2,29,,,,
Bulls,Trailblazers,7,9,8,5,2,28,,,,
Bulls,Pacers,-12,-9,-9,-12,2,18,,,,
Bulls,Spurs,-6,1,-3,3,2,24,,,,
Bulls,Nuggets,7,5,-4,9,2,17,,,,
Bulls,Hornets,-4,-2,3,-6,2,9,,,,
Bulls,Suns,3,0,16,-2,2,25,,,,
Bulls,Celtics,0,3,0,-5,2,4,,,,
Bulls,Clippers,-1,9,10,3,2,5,,,,
Bulls,Pelicans,-8,-3,-6,4,2,19,,,,
Bulls,Seventysixers,5,-5,17,19,2,23,,,,
Bulls,Grizzlies,4,-3,8,13,2,6,,,,
Bulls,Pistons,-3,-3,3,-3,2,20,,,,
Bulls,Knicks,-7,-10,-9,-16,2,12,,,,
Bulls,Nets,-7,-3,-7,-3,2,16,,,,
Bulls,Thunder,6,2,18,9,2,26,,,,
Bulls,Mavericks,-7,1,-1,-7,2,15,,,,
Bulls,Raptors,-9,-3,5,7,2,21,,,,
Bulls,Pacers,0,10,4,2,2,18,,,,
Bulls,Knicks,16,6,4,27,2,12,,,,
Bulls,Raptors,0,-12,-6,2,2,21,,,,
Bulls,Bucks,8,6,5,11,2,1,,,,
Bulls,Celtics,-6,1,11,9,2,4,,,,
Bulls,Hawks,-11,-13,-6,-15,2,7,,,,
Bulls,Wizards,-3,-14,-9,-14,2,30,,,,
Bulls,Bucks,9,5,3,-5,2,1,,,,
Bulls,Seventysixers,-12,-16,-2,4,2,23,,,,
Bulls,Mavericks,4,10,2,-6,2,15,,,,
Bulls,Pistons,-6,3,4,10,2,20,,,,
Bulls,Warriors,-16,-19,-24,-31,2,29,,,,
Bulls,Celtics,-11,-15,-8,-9,2,4,,,,
Bulls,Cavaliers,7,5,14,13,2,3,,,,
Bulls,Heat,5,-2,7,-5,2,8,,,,
Bulls,Lakers,17,18,19,23,2,13,,,,
Bulls,Clippers,-2,-4,-11,-27,2,5,,,,
Bulls,Jazz,0,4,1,-9,2,10,,,,
Bulls,Kings,9,3,5,5,2,11,,,,
Bulls,Nuggets,-4,2,16,-5,2,17,,,,
Bulls,Timberwolves,-5,6,0,-7,2,27,,,,
Bulls,Hornets,-18,-15,-22,-17,2,9,,,,
Bulls,Hawks,1,-5,-18,-23,2,7,,,,
Bulls,Cavaliers,-7,-6,-14,-11,2,3,,,,
Bulls,Raptors,-11,-6,8,10,2,21,,,,
Bulls,Lakers,1,4,16,11,2,13,,,,
Bulls,Wizards,-3,2,10,5,2,30,,,,
Bulls,Hawks,-5,-7,-12,-15,2,7,,,,
Bulls,Trailblazers,0,-10,-6,-8,2,28,,,,
Bulls,Heat,-6,-3,-13,-18,2,8,,,,
Bulls,Magic,-10,-10,-17,-13,2,14,,,,
Bulls,Rockets,6,12,8,8,2,22,,,,
Bulls,Bucks,9,7,4,10,2,1,,,,
Bulls,Spurs,0,-7,-10,-8,2,24,,,,
Bulls,Heat,8,4,-3,-22,2,8,,,,
Bulls,Raptors,5,6,7,2,2,21,,,,
Bulls,Wizards,-7,-11,-18,-21,2,30,,,,
Bulls,Nets,10,18,5,16,2,16,,,,
Bulls,Jazz,6,10,12,7,2,10,,,,
Bulls,Kings,4,8,1,7,2,11,,,,
Bulls,Knicks,7,-2,-19,-8,2,12,,,,
Bulls,Knicks,-4,-8,-15,-12,2,12,,,,
Bulls,Magic,-14,-18,-18,-22,2,14,,,,
Bulls,Hawks,9,-7,-9,-2,2,7,,,,
Bulls,Pacers,1,2,0,2,2,18,,,,
Bulls,Rockets,0,0,-9,3,2,22,,,,
Bulls,Pistons,1,-1,-5,-4,2,20,,,,
Bulls,Bucks,0,16,6,4,2,1,,,,
Bulls,Grizzlies,-2,-10,-18,-16,2,6,,,,
Bulls,Heat,1,6,-6,-8,2,8,,,,
Bulls,Cavaliers,-4,-2,-3,3,2,3,,,,
Bulls,Pelicans,-2,-9,1,5,2,19,,,,
Bulls,Seventysixers,-16,-9,13,10,2,23,,,,
Cavaliers,Bulls,-9,-6,-3,-2,3,2,,,,
Cavaliers,Grizzlies,16,21,24,30,3,6,,,,
Cavaliers,Heat,6,5,9,10,3,8,,,,
Cavaliers,Seventysixers,-14,-5,10,7,3,23,,,,
Cavaliers,Knicks,-14,-8,1,10,3,12,,,,
Cavaliers,Seventysixers,3,-1,8,6,3,23,,,,
Cavaliers,Pacers,2,5,1,4,3,18,,,,
Cavaliers,Jazz,5,4,0,4,3,10,,,,
Cavaliers,Knicks,6,-7,-6,6,3,12,,,,
Cavaliers,Bucks,0,-6,-9,-3,3,1,,,,
Cavaliers,Pistons,-4,1,6,-5,3,20,,,,
Cavaliers,Bucks,5,15,7,15,3,1,,,,
Cavaliers,Hawks,8,15,13,12,3,7,,,,
Cavaliers,Magic,2,4,16,14,3,14,,,,
Cavaliers,Raptors,0,0,-2,-4,3,21,,,,
Cavaliers,Hornets,1,-2,-4,5,3,9,,,,
Cavaliers,Nets,-7,-6,1,2,3,16,,,,
Cavaliers,Wizards,-3,-11,-13,-12,3,30,,,,
Cavaliers,Pelicans,6,1,-7,-6,3,19,,,,
Cavaliers,Heat,-12,-18,-19,-15,3,8,,,,
Cavaliers,Trailblazers,-8,-9,2,5,3,28,,,,
Cavaliers,Magic,2,16,31,35,3,14,,,,
Cavaliers,Celtics,-2,-6,8,12,3,4,,,,
Cavaliers,Thunder,-2,-1,-4,4,3,26,,,,
Cavaliers,Seventysixers,-4,17,28,22,3,23,,,,
Cavaliers,Knicks,7,5,0,7,3,12,,,,
Cavaliers,Warriors,-9,-3,-5,-6,3,29,,,,
Cavaliers,Trailblazers,-22,-29,-31,-29,3,28,,,,
Cavaliers,Suns,4,6,8,4,3,25,,,,
Cavaliers,Nuggets,5,11,10,6,3,17,,,,
Cavaliers,Magic,16,23,28,25,3,14,,,,
Cavaliers,Raptors,4,2,12,22,3,21,,,,
Cavaliers,Wizards,-2,12,6,6,3,30,,,,
Cavaliers,Timberwolves,8,16,19,26,3,27,,,,
Cavaliers,Seventysixers,6,1,6,10,3,23,,,,
Cavaliers,Mavericks,-3,-5,-5,3,3,15,,,,
Cavaliers,Spurs,12,6,1,-4,3,24,,,,
Cavaliers,Rockets,2,11,17,14,3,22,,,,
Cavaliers,Warriors,-13,-26,-37,-34,3,29,,,,
Cavaliers,Nets,6,13,18,13,3,16,,,,
Cavaliers,Clippers,-3,9,16,13,3,5,,,,
Cavaliers,Bulls,-7,-5,-14,-13,3,2,,,,
Cavaliers,Timberwolves,3,4,10,7,3,27,,,,
Cavaliers,Suns,-3,5,16,22,3,25,,,,
Cavaliers,Pistons,6,8,18,8,3,20,,,,
Cavaliers,Spurs,7,17,16,14,3,24,,,,
Cavaliers,Pacers,7,11,-4,5,3,18,,,,
Cavaliers,Hornets,0,9,-7,-9,3,9,,,,
Cavaliers,Celtics,12,6,8,-1,3,4,,,,
Cavaliers,Pelicans,8,11,4,15,3,19,,,,
Cavaliers,Kings,8,16,21,20,3,11,,,,
Cavaliers,Lakers,10,17,19,9,3,13,,,,
Cavaliers,Bulls,7,6,14,11,3,2,,,,
Cavaliers,Thunder,-1,9,22,23,3,26,,,,
Cavaliers,Pistons,-5,-7,-7,-8,3,20,,,,
Cavaliers,Hornets,-1,11,12,11,3,9,,,,
Cavaliers,Raptors,10,4,9,-2,3,21,,,,
Cavaliers,Wizards,-7,-9,-26,-14,3,30,,,,
Cavaliers,Pacers,-1,1,1,4,3,18,,,,
Cavaliers,Wizards,4,17,20,25,3,30,,,,
Cavaliers,Celtics,-13,1,8,17,3,4,,,,
Cavaliers,Grizzlies,-8,-9,-8,-3,3,6,,,,
Cavaliers,Kings,3,-6,5,9,3,11,,,,
Cavaliers,Lakers,2,9,13,12,3,13,,,,
Cavaliers,Clippers,2,17,23,24,3,5,,,,
Cavaliers,Jazz,-2,-4,0,-9,3,10,,,,
Cavaliers,Mavericks,3,6,16,1,3,15,,,,
Cavaliers,Magic,-2,9,-3,6,3,14,,,,
Cavaliers,Heat,-12,-21,-28,-21,3,8,,,,
Cavaliers,Nuggets,15,8,15,33,3,17,,,,
Cavaliers,Bucks,10,2,4,9,3,1,,,,
Cavaliers,Nets,-3,-10,3,-9,3,16,,,,
Cavaliers,Knicks,17,24,17,14,3,12,,,,
Cavaliers,Rockets,-2,19,13,-6,3,22,,,,
Cavaliers,Nets,7,24,26,20,3,16,,,,
Cavaliers,Hawks,9,14,6,2,3,7,,,,
Cavaliers,Hornets,10,16,15,9,3,9,,,,
Cavaliers,Bucks,14,24,26,29,3,1,,,,
Cavaliers,Pacers,-3,-9,-14,-14,3,18,,,,
Cavaliers,Bulls,4,2,3,-3,3,2,,,,
Cavaliers,Hawks,-4,6,15,15,3,7,,,,
Cavaliers,Pistons,-5,-14,-10,-2,3,20,,,,
Cavaliers,Pistons,2,-5,-2,5,3,20,,,,
Cavaliers,Pistons,-5,2,14,17,3,20,,,,
Cavaliers,Pistons,-3,1,6,10,3,20,,,,
Cavaliers,Pistons,-3,1,3,2,3,20,,,,
Cavaliers,Hawks,11,10,4,11,3,7,,,,
Cavaliers,Hawks,15,36,36,25,3,7,,,,
Cavaliers,Hawks,3,-8,-6,13,3,7,,,,
Cavaliers,Hawks,-9,-2,4,1,3,7,,,,
Cavaliers,Raptors,5,22,28,31,3,21,,,,
Cavaliers,Raptors,2,14,17,19,3,21,,,,
Cavaliers,Raptors,-3,-13,-10,-15,3,21,,,,
Cavaliers,Raptors,-3,-16,-9,-6,3,21,,,,
Cavaliers,Raptors,18,31,40,38,3,21,,,,
Cavaliers,Raptors,6,14,12,26,3,21,,,,
Cavaliers,Warriors,-4,-9,-6,-15,3,29,,,,
Cavaliers,Warriors,2,-8,-20,-33,3,29,,,,
Cavaliers,Warriors,17,8,20,30,3,29,,,,
Cavaliers,Warriors,-1,5,-2,-11,3,29,,,,
Cavaliers,Warriors,-3,0,9,15,3,29,,,,
Cavaliers,Warriors,20,16,9,14,3,29,,,,
Cavaliers,Warriors,1,-7,-1,4,3,29,,,,
Celtics,Seventysixers,-5,11,12,17,4,23,,,,
Celtics,Raptors,0,0,-9,-10,4,21,,,,
Celtics,Spurs,-10,-13,-10,-8,4,24,,,,
Celtics,Pacers,-7,-6,-1,-2,4,18,,,,
Celtics,Wizards,15,23,26,20,4,30,,,,
Celtics,Bucks,0,4,17,16,4,1,,,,
Celtics,Pacers,-8,-2,-7,-11,4,18,,,,
Celtics,Hawks,-3,0,11,13,4,7,,,,
Celtics,Thunder,0,-7,-2,15,4,26,,,,
Celtics,Rockets,-4,0,19,16,4,22,,,,
Celtics,Mavericks,15,9,8,-4,4,15,,,,
Celtics,Nets,4,24,24,25,4,16,,,,
Celtics,Nets,-5,-17,-8,-10,4,16,,,,
Celtics,Hawks,-5,-9,-8,-24,4,7,,,,
Celtics,Seventysixers,2,-7,-5,4,4,23,,,,
Celtics,Wizards,11,18,23,33,4,30,,,,
Celtics,Magic,-1,-8,-17,-19,4,14,,,,
Celtics,Heat,9,6,6,10,4,8,,,,
Celtics,Kings,15,15,22,17,4,11,,,,
Celtics,Spurs,-2,-9,-15,-3,4,24,,,,
Celtics,Pelicans,0,9,14,18,4,19,,,,
Celtics,Bulls,0,-3,0,5,4,2,,,,
Celtics,Warriors,-1,-4,-7,-5,4,29,,,,
Celtics,Hornets,-1,-4,4,5,4,9,,,,
Celtics,Cavaliers,2,6,-8,-12,4,3,,,,
Celtics,Pistons,7,-3,-2,-3,4,20,,,,
Celtics,Hawks,6,1,2,-8,4,7,,,,
Celtics,Timberwolves,8,7,20,14,4,27,,,,
Celtics,Hornets,8,7,12,13,4,9,,,,
Celtics,Pistons,1,5,15,6,4,20,,,,
Celtics,Knicks,4,10,12,9,4,12,,,,
Celtics,Lakers,3,-2,-11,-8,4,13,,,,
Celtics,Nets,-2,-1,-10,-3,4,16,,,,
Celtics,Nets,15,14,11,9,4,16,,,,
Celtics,Pistons,9,7,9,-5,4,20,,,,
Celtics,Bulls,6,-1,-11,-9,4,2,,,,
Celtics,Grizzlies,18,15,8,-3,4,6,,,,
Celtics,Knicks,-9,-10,-4,-6,4,12,,,,
Celtics,Pacers,4,8,2,9,4,18,,,,
Celtics,Suns,7,21,18,14,4,25,,,,
Celtics,Wizards,-7,-7,-3,2,4,30,,,,
Celtics,Mavericks,-13,-13,2,-5,4,15,,,,
Celtics,Raptors,-8,6,-6,-6,4,21,,,,
Celtics,Bulls,11,15,8,9,4,2,,,,
Celtics,Seventysixers,5,15,25,20,4,23,,,,
Celtics,Wizards,2,4,14,25,4,30,,,,
Celtics,Nuggets,8,10,15,8,4,17,,,,
Celtics,Magic,4,8,9,19,4,14,,,,
Celtics,Magic,8,7,0,-5,4,14,,,,
Celtics,Knicks,-1,-2,5,8,4,12,,,,
Celtics,Pistons,11,20,18,7,4,20,,,,
Celtics,Cavaliers,-12,-6,-8,1,4,3,,,,
Celtics,Kings,9,16,8,9,4,11,,,,
Celtics,Bucks,4,1,-19,-1,4,1,,,,
Celtics,Clippers,-4,7,7,5,4,5,,,,
Celtics,Jazz,-2,-5,-11,-18,4,10,,,,
Celtics,Nuggets,18,15,13,20,4,17,,,,
Celtics,Timberwolves,-8,-6,-9,-2,4,27,,,,
Celtics,Bucks,10,10,15,5,4,1,,,,
Celtics,Heat,-8,-3,2,12,4,8,,,,
Celtics,Jazz,-6,-3,-1,5,4,10,,,,
Celtics,Trailblazers,-3,6,24,23,4,28,,,,
Celtics,Knicks,-4,-5,-6,1,4,12,,,,
Celtics,Cavaliers,13,-1,-8,-17,4,3,,,,
Celtics,Grizzlies,-2,-3,16,20,4,6,,,,
Celtics,Rockets,4,-3,-4,-4,4,22,,,,
Celtics,Pacers,0,-4,-1,-5,4,18,,,,
Celtics,Thunder,-5,-11,-27,-21,4,26,,,,
Celtics,Raptors,-16,-14,-5,-14,4,21,,,,
Celtics,Seventysixers,12,11,9,15,4,23,,,,
Celtics,Magic,5,7,13,11,4,14,,,,
Celtics,Raptors,0,0,7,12,4,21,,,,
Celtics,Suns,13,17,6,3,4,25,,,,
Celtics,Clippers,-6,-17,-22,-24,4,5,,,,
Celtics,Trailblazers,1,4,2,-7,4,28,,,,
Celtics,Warriors,-2,2,3,3,4,29,,,,
Celtics,Lakers,5,9,2,7,4,13,,,,
Celtics,Pelicans,6,8,3,7,4,19,,,,
Celtics,Bucks,-5,7,21,15,4,1,,,,
Celtics,Hawks,-2,4,-2,-11,4,7,,,,
Celtics,Hornets,4,-22,-22,-14,4,9,,,,
Celtics,Heat,-22,-24,-4,10,4,8,,,,
Celtics,Hawks,-11,-17,-7,-1,4,7,,,,
Celtics,Hawks,-17,-15,-15,-17,4,7,,,,
Celtics,Hawks,17,12,1,8,4,7,,,,
Celtics,Hawks,3,-2,-3,9,4,7,,,,
Celtics,Hawks,5,-8,-27,-27,4,7,,,,
Celtics,Hawks,-3,-8,-21,-12,4,7,,,,
Clippers,Kings,8,10,11,7,5,11,,,,
Clippers,Mavericks,5,8,17,16,5,15,,,,
Clippers,Kings,-7,4,4,5,5,11,,,,
Clippers,Suns,-1,9,3,6,5,25,,,,
Clippers,Warriors,-6,-7,1,-4,5,29,,,,
Clippers,Rockets,0,2,-5,-4,5,22,,,,
Clippers,Grizzlies,-1,0,4,2,5,6,,,,
Clippers,Mavericks,8,1,-6,-10,5,15,,,,
Clippers,Suns,-5,-9,-20,-14,5,25,,,,
Clippers,Pistons,-3,-9,1,5,5,20,,,,
Clippers,Warriors,16,14,6,-7,5,29,,,,
Clippers,Trailblazers,0,-1,-2,-11,5,28,,,,
Clippers,Raptors,-10,-29,-16,-11,5,21,,,,
Clippers,Nuggets,-1,6,11,17,5,17,,,,
Clippers,Jazz,2,0,-5,-11,5,10,,,,
Clippers,Pelicans,10,21,18,21,5,19,,,,
Clippers,Timberwolves,4,11,10,8,5,27,,,,
Clippers,Trailblazers,11,0,10,15,5,28,,,,
Clippers,Pacers,0,3,-3,-12,5,18,,,,
Clippers,Magic,-2,3,-5,2,5,14,,,,
Clippers,Timberwolves,4,-2,-6,4,5,27,,,,
Clippers,Bucks,-1,-1,7,14,5,1,,,,
Clippers,Bulls,1,-9,-10,-3,5,2,,,,
Clippers,Nets,8,13,14,5,5,16,,,,
Clippers,Pistons,0,9,10,2,5,20,,,,
Clippers,Bucks,8,11,12,13,5,1,,,,
Clippers,Spurs,4,0,3,-8,5,24,,,,
Clippers,Rockets,-21,-11,-12,-10,5,22,,,,
Clippers,Thunder,6,2,5,-1,5,26,,,,
Clippers,Lakers,10,16,28,10,5,13,,,,
Clippers,Jazz,-8,-5,2,5,5,10,,,,
Clippers,Wizards,14,13,15,17,5,30,,,,
Clippers,Hornets,7,9,6,5,5,9,,,,
Clippers,Pelicans,-5,2,8,6,5,19,,,,
Clippers,Seventysixers,2,17,29,31,5,23,,,,
Clippers,Trailblazers,13,23,15,11,5,28,,,,
Clippers,Hornets,9,-3,6,14,5,9,,,,
Clippers,Pelicans,-5,7,8,3,5,19,,,,
Clippers,Heat,-8,-7,10,14,5,8,,,,
Clippers,Kings,0,-4,-3,-7,5,11,,,,
Clippers,Rockets,12,7,14,8,5,22,,,,
Clippers,Cavaliers,3,-9,-16,-13,5,3,,,,
Clippers,Knicks,7,10,22,28,5,12,,,,
Clippers,Raptors,7,-13,-12,-18,5,21,,,,
Clippers,Pacers,0,-5,2,2,5,18,,,,
Clippers,Hawks,-6,-2,-2,2,5,7,,,,
Clippers,Lakers,-1,5,7,12,5,13,,,,
Clippers,Bulls,2,4,11,27,5,2,,,,
Clippers,Timberwolves,0,2,-2,-6,5,27,,,,
Clippers,Magic,8,11,4,14,5,14,,,,
Clippers,Heat,-4,1,8,7,5,8,,,,
Clippers,Seventysixers,-3,-10,-8,6,5,23,,,,
Clippers,Celtics,4,-7,-7,-5,5,4,,,,
Clippers,Spurs,6,8,9,19,5,24,,,,
Clippers,Warriors,-13,-10,-9,-3,5,29,,,,
Clippers,Suns,19,17,29,40,5,25,,,,
Clippers,Nuggets,-4,-14,-9,-6,5,17,,,,
Clippers,Kings,0,-3,15,10,5,11,,,,
Clippers,Nets,2,6,2,10,5,16,,,,
Clippers,Thunder,-13,-20,-17,5,5,26,,,,
Clippers,Hawks,12,5,-1,-10,5,7,,,,
Clippers,Mavericks,-1,-2,15,19,5,15,,,,
Clippers,Thunder,-10,-2,-10,-12,5,26,,,,
Clippers,Knicks,7,11,2,7,5,12,,,,
Clippers,Cavaliers,-2,-17,-23,-24,5,3,,,,
Clippers,Spurs,2,-4,-1,-21,5,24,,,,
Clippers,Rockets,9,22,22,16,5,22,,,,
Clippers,Grizzlies,-2,0,-10,-11,5,6,,,,
Clippers,Pelicans,3,2,-6,-4,5,19,,,,
Clippers,Warriors,5,-2,-9,-16,5,29,,,,
Clippers,Trailblazers,-3,7,0,2,5,28,,,,
Clippers,Nuggets,5,4,17,15,5,17,,,,
Clippers,Celtics,6,17,22,24,5,4,,,,
Clippers,Timberwolves,10,13,26,20,5,27,,,,
Clippers,Thunder,-7,4,4,-2,5,26,,,,
Clippers,Wizards,10,11,11,5,5,30,,,,
Clippers,Lakers,11,8,24,22,5,13,,,,
Clippers,Lakers,4,12,12,10,5,13,,,,
Clippers,Jazz,-1,-5,4,3,5,10,,,,
Clippers,Mavericks,2,2,17,7,5,15,,,,
Clippers,Grizzlies,7,18,20,26,5,6,,,,
Clippers,Suns,2,-7,-10,-9,5,25,,,,
Clippers,Trailblazers,5,8,15,20,5,28,,,,
Clippers,Trailblazers,5,4,6,21,5,28,,,,
Clippers,Trailblazers,-3,-9,-3,-8,5,28,,,,
Clippers,Trailblazers,-4,-4,-2,-14,5,28,,,,
Clippers,Trailblazers,0,5,0,-10,5,28,,,,
Clippers,Trailblazers,0,-2,2,-3,5,28,,,,
Grizzlies,Cavaliers,-16,-21,-24,-30,6,3,,,,
Grizzlies,Pacers,9,1,-2,9,6,18,,,,
Grizzlies,Nets,5,11,10,10,6,16,,,,
Grizzlies,Warriors,1,-19,-44,-50,6,29,,,,
Grizzlies,Kings,-4,10,16,14,6,11,,,,
Grizzlies,Trailblazers,5,-4,-19,-19,6,28,,,,
Grizzlies,Jazz,-2,-13,-20,-10,6,10,,,,
Grizzlies,Clippers,1,0,-4,-2,6,5,,,,
Grizzlies,Warriors,-11,-6,-11,-16,6,29,,,,
Grizzlies,Trailblazers,-1,1,9,1,6,28,,,,
Grizzlies,Timberwolves,-1,6,2,8,6,27,,,,
Grizzlies,Thunder,2,6,-1,8,6,26,,,,
Grizzlies,Rockets,4,14,9,12,6,22,,,,
Grizzlies,Spurs,-5,-14,-13,-10,6,24,,,,
Grizzlies,Mavericks,4,10,22,14,6,15,,,,
Grizzlies,Rockets,4,3,5,9,6,22,,,,
Grizzlies,Hawks,7,5,-3,-15,6,7,,,,
Grizzlies,Seventysixers,8,6,-3,8,6,23,,,,
Grizzlies,Pelicans,-11,-1,6,9,6,19,,,,
Grizzlies,Spurs,1,-9,-17,-20,6,24,,,,
Grizzlies,Suns,4,2,-1,2,6,25,,,,
Grizzlies,Thunder,-3,-12,-35,-37,6,26,,,,
Grizzlies,Pistons,7,-4,-7,1,6,20,,,,
Grizzlies,Hornets,6,-5,-20,-24,6,9,,,,
Grizzlies,Heat,6,8,7,-3,6,8,,,,
Grizzlies,Wizards,4,11,22,17,6,30,,,,
Grizzlies,Bulls,-4,3,-8,-13,6,2,,,,
Grizzlies,Mavericks,1,-6,-9,-9,6,15,,,,
Grizzlies,Pacers,5,1,4,12,6,18,,,,
Grizzlies,Seventysixers,8,6,11,14,6,23,,,,
Grizzlies,Wizards,-7,-11,-16,-9,6,30,,,,
Grizzlies,Hornets,-2,0,0,-6,6,9,,,,
Grizzlies,Lakers,9,13,18,16,6,13,,,,
Grizzlies,Heat,-4,0,7,9,6,8,,,,
Grizzlies,Jazz,-3,-1,3,-5,6,10,,,,
Grizzlies,Trailblazers,2,4,18,13,6,28,,,,
Grizzlies,Thunder,-9,-20,-18,-18,6,26,,,,
Grizzlies,Nuggets,-1,12,1,7,6,17,,,,
Grizzlies,Celtics,-18,-15,-8,3,6,4,,,,
Grizzlies,Rockets,2,-7,-3,-16,6,22,,,,
Grizzlies,Pistons,-3,5,8,2,6,20,,,,
Grizzlies,Knicks,-3,-2,0,8,6,12,,,,
Grizzlies,Pelicans,-2,-2,-4,2,6,19,,,,
Grizzlies,Nuggets,14,7,2,1,6,17,,,,
Grizzlies,Timberwolves,5,-11,-10,-5,6,27,,,,
Grizzlies,Magic,-2,-1,-1,6,6,14,,,,
Grizzlies,Bucks,-4,9,14,20,6,1,,,,
Grizzlies,Kings,14,14,15,4,6,11,,,,
Grizzlies,Pelicans,-5,2,2,15,6,19,,,,
Grizzlies,Knicks,6,10,7,6,6,12,,,,
Grizzlies,Mavericks,5,-2,1,-4,6,15,,,,
Grizzlies,Trailblazers,2,-2,0,-6,6,28,,,,
Grizzlies,Nets,-5,5,26,19,6,16,,,,
Grizzlies,Timberwolves,1,3,-5,5,6,27,,,,
Grizzlies,Raptors,-2,-3,-10,-13,6,21,,,,
Grizzlies,Lakers,10,9,13,9,6,13,,,,
Grizzlies,Lakers,7,17,19,17,6,13,,,,
Grizzlies,Suns,-7,-8,-10,-5,6,25,,,,
Grizzlies,Nuggets,3,1,0,7,6,17,,,,
Grizzlies,Kings,3,16,5,6,6,11,,,,
Grizzlies,Jazz,-9,10,-5,6,6,10,,,,
Grizzlies,Suns,0,6,-11,-9,6,25,,,,
Grizzlies,Cavaliers,8,9,8,3,6,3,,,,
Grizzlies,Celtics,2,3,-16,-20,6,4,,,,
Grizzlies,Pelicans,-4,1,7,7,6,19,,,,
Grizzlies,Hawks,4,-8,-13,-12,6,7,,,,
Grizzlies,Rockets,-12,-24,-41,-49,6,22,,,,
Grizzlies,Timberwolves,-17,-9,-12,-6,6,27,,,,
Grizzlies,Bucks,0,6,5,-10,6,1,,,,
Grizzlies,Clippers,2,0,10,11,6,5,,,,
Grizzlies,Suns,3,-11,-3,6,6,25,,,,
Grizzlies,Lakers,0,-1,-3,-7,6,13,,,,
Grizzlies,Spurs,-14,-13,-4,-6,6,24,,,,
Grizzlies,Spurs,-14,-8,-13,-14,6,24,,,,
Grizzlies,Nuggets,-6,-12,-16,-4,6,17,,,,
Grizzlies,Raptors,-4,8,-2,-4,6,21,,,,
Grizzlies,Magic,1,-11,-12,-12,6,14,,,,
Grizzlies,Bulls,2,10,18,16,6,2,,,,
Grizzlies,Mavericks,3,3,-6,-10,6,15,,,,
Grizzlies,Warriors,-3,-3,8,-1,6,29,,,,
Grizzlies,Clippers,-7,-18,-20,-26,6,5,,,,
Grizzlies,Warriors,-14,-20,-21,-21,6,29,,,,
Grizzlies,Spurs,-9,-11,-30,-32,6,24,,,,
Grizzlies,Spurs,-11,-14,-17,-26,6,24,,,,
Grizzlies,Spurs,-8,-1,1,-9,6,24,,,,
Grizzlies,Spurs,-6,-2,-18,-21,6,24,,,,
Hawks,Pistons,0,-5,-16,-12,7,20,,,,
Hawks,Knicks,10,16,12,11,7,12,,,,
Hawks,Hornets,7,1,7,3,7,9,,,,
Hawks,Hornets,10,7,-6,2,7,9,,,,
Hawks,Heat,1,11,14,6,7,8,,,,
Hawks,Nets,6,-2,2,14,7,16,,,,
Hawks,Pelicans,-2,11,10,6,7,19,,,,
Hawks,Wizards,0,-4,-3,15,7,30,,,,
Hawks,Timberwolves,-11,-30,-9,-10,7,27,,,,
Hawks,Pelicans,-2,-9,1,8,7,19,,,,
Hawks,Celtics,3,0,-11,-13,7,4,,,,
Hawks,Jazz,-3,5,0,-1,7,10,,,,
Hawks,Nets,2,1,-4,-2,7,16,,,,
Hawks,Kings,-3,10,2,6,7,11,,,,
Hawks,Cavaliers,-8,-15,-13,-12,7,3,,,,
Hawks,Celtics,5,9,8,24,7,4,,,,
Hawks,Timberwolves,-4,-2,4,-4,7,27,,,,
Hawks,Grizzlies,-7,-5,3,15,7,6,,,,
Hawks,Spurs,2,-17,-21,-20,7,24,,,,
Hawks,Thunder,10,1,5,6,7,26,,,,
Hawks,Raptors,2,14,9,-10,7,21,,,,
Hawks,Lakers,4,16,6,13,7,13,,,,
Hawks,Mavericks,-1,5,4,3,7,15,,,,
Hawks,Thunder,-7,-11,-8,-13,7,26,,,,
Hawks,Spurs,-9,-22,-24,-25,7,24,,,,
Hawks,Heat,-2,-9,-13,-12,7,8,,,,
Hawks,Seventysixers,9,11,26,21,7,23,,,,
Hawks,Celtics,-6,-1,-2,8,7,4,,,,
Hawks,Magic,-4,10,-1,3,7,14,,,,
Hawks,Trailblazers,9,12,19,9,7,28,,,,
Hawks,Pistons,1,16,15,7,7,20,,,,
Hawks,Knicks,-10,-3,12,19,7,12,,,,
Hawks,Pacers,6,-12,-6,-6,7,18,,,,
Hawks,Rockets,-16,-15,-7,6,7,22,,,,
Hawks,Knicks,-1,-10,-10,-14,7,12,,,,
Hawks,Knicks,-9,-5,-13,-6,7,12,,,,
Hawks,Seventysixers,1,17,21,28,7,23,,,,
Hawks,Bulls,11,13,6,15,7,2,,,,
Hawks,Hornets,-1,-9,-22,-23,7,9,,,,
Hawks,Bucks,6,5,3,-7,7,1,,,,
Hawks,Nets,4,7,16,28,7,16,,,,
Hawks,Magic,7,13,13,17,7,14,,,,
Hawks,Trailblazers,11,5,2,6,7,28,,,,
Hawks,Kings,-7,-3,-9,-3,7,11,,,,
Hawks,Suns,-6,-9,-10,-3,7,25,,,,
Hawks,Nuggets,1,16,14,14,7,17,,,,
Hawks,Clippers,6,2,2,-2,7,5,,,,
Hawks,Pacers,-3,-7,-7,-19,7,18,,,,
Hawks,Heat,-10,-13,-13,-18,7,8,,,,
Hawks,Mavericks,12,7,13,15,7,15,,,,
Hawks,Seventysixers,10,16,26,38,7,23,,,,
Hawks,Pacers,-3,-1,1,6,7,18,,,,
Hawks,Magic,-11,-7,-11,-2,7,14,,,,
Hawks,Magic,12,13,11,-7,7,14,,,,
Hawks,Bulls,-1,5,18,23,7,2,,,,
Hawks,Heat,-3,0,2,-4,7,8,,,,
Hawks,Bucks,-2,-4,-7,-8,7,1,,,,
Hawks,Warriors,-15,-19,-1,-10,7,29,,,,
Hawks,Bulls,5,7,12,15,7,2,,,,
Hawks,Hornets,16,14,11,11,7,9,,,,
Hawks,Warriors,-6,-11,-5,-4,7,29,,,,
Hawks,Lakers,7,18,15,29,7,13,,,,
Hawks,Clippers,-12,-5,1,10,7,5,,,,
Hawks,Jazz,-11,-1,9,7,7,10,,,,
Hawks,Raptors,1,-4,-7,-8,7,21,,,,
Hawks,Grizzlies,-4,8,13,12,7,6,,,,
Hawks,Pacers,13,14,33,29,7,18,,,,
Hawks,Pistons,-2,-1,-1,4,7,20,,,,
Hawks,Nuggets,10,6,11,18,7,17,,,,
Hawks,Rockets,14,-6,-1,12,7,22,,,,
Hawks,Wizards,3,-2,-3,-15,7,30,,,,
Hawks,Wizards,-3,-4,6,21,7,30,,,,
Hawks,Bucks,8,5,4,11,7,1,,,,
Hawks,Pistons,12,14,9,17,7,20,,,,
Hawks,Bulls,-9,7,9,2,7,2,,,,
Hawks,Raptors,-5,-13,-22,-8,7,21,,,,
Hawks,Cavaliers,-9,-14,-6,-2,7,3,,,,
Hawks,Suns,-10,-12,-3,13,7,25,,,,
Hawks,Raptors,8,4,7,8,7,21,,,,
Hawks,Celtics,2,-4,2,11,7,4,,,,
Hawks,Cavaliers,4,-6,-15,-15,7,3,,,,
Hawks,Wizards,0,2,-8,-11,7,30,,,,
Hawks,Celtics,11,17,7,1,7,4,,,,
Hawks,Celtics,17,15,15,17,7,4,,,,
Hawks,Celtics,-17,-12,-1,-8,7,4,,,,
Hawks,Celtics,-3,2,3,-9,7,4,,,,
Hawks,Celtics,-5,8,27,27,7,4,,,,
Hawks,Celtics,3,8,21,12,7,4,,,,
Hawks,Cavaliers,-11,-10,-4,-11,7,3,,,,
Hawks,Cavaliers,-15,-36,-36,-25,7,3,,,,
Hawks,Cavaliers,-3,8,6,-13,7,3,,,,
Hawks,Cavaliers,9,2,-4,-1,7,3,,,,
Heat,Hornets,-4,10,13,10,8,9,,,,
Heat,Cavaliers,-6,-5,-9,-10,8,3,,,,
Heat,Rockets,-5,-19,0,20,8,22,,,,
Heat,Hawks,-1,-11,-14,-6,8,7,,,,
Heat,Timberwolves,7,10,12,12,8,27,,,,
Heat,Pacers,10,0,-3,-3,8,18,,,,
Heat,Raptors,-2,-3,11,20,8,21,,,,
Heat,Lakers,6,1,9,13,8,13,,,,
Heat,Jazz,6,1,0,1,8,10,,,,
Heat,Timberwolves,5,5,7,-12,8,27,,,,
Heat,Kings,4,10,6,7,8,11,,,,
Heat,Seventysixers,-12,-15,-7,5,8,23,,,,
Heat,Knicks,7,22,17,17,8,12,,,,
Heat,Pistons,-6,-17,-21,-23,8,20,,,,
Heat,Knicks,-1,1,11,19,8,12,,,,
Heat,Celtics,-9,-6,-6,-10,8,4,,,,
Heat,Thunder,-5,-1,-2,2,8,26,,,,
Heat,Cavaliers,12,18,19,15,8,3,,,,
Heat,Wizards,-10,-5,-3,-11,8,30,,,,
Heat,Hornets,-10,-20,-26,-18,8,9,,,,
Heat,Pacers,1,1,-9,-13,8,18,,,,
Heat,Grizzlies,-6,-8,-7,3,8,6,,,,
Heat,Hawks,2,9,13,12,8,7,,,,
Heat,Nets,-8,5,6,6,8,16,,,,
Heat,Raptors,-2,5,-4,-14,8,21,,,,
Heat,Trailblazers,-9,-10,-4,7,8,28,,,,
Heat,Pistons,16,-2,3,-1,8,20,,,,
Heat,Pelicans,12,4,11,6,8,19,,,,
Heat,Magic,-4,-12,-7,7,8,14,,,,
Heat,Nets,2,14,-1,-6,8,16,,,,
Heat,Grizzlies,4,0,-7,-9,8,6,,,,
Heat,Mavericks,12,13,19,24,8,15,,,,
Heat,Wizards,1,19,22,22,8,30,,,,
Heat,Pacers,-10,-3,-8,3,8,18,,,,
Heat,Knicks,-1,-8,-12,-8,8,12,,,,
Heat,Suns,1,13,4,8,8,25,,,,
Heat,Jazz,10,4,-4,-15,8,10,,,,
Heat,Warriors,-2,-2,-3,-8,8,29,,,,
Heat,Clippers,8,7,-10,-14,8,5,,,,
Heat,Nuggets,-11,-16,-2,3,8,17,,,,
Heat,Thunder,-6,-2,-17,-25,8,26,,,,
Heat,Bucks,-1,-10,-18,-12,8,1,,,,
Heat,Wizards,-4,-14,-17,-19,8,30,,,,
Heat,Raptors,-11,-16,-13,-20,8,21,,,,
Heat,Bulls,-5,2,-7,5,8,2,,,,
Heat,Nets,-5,-6,4,4,8,16,,,,
Heat,Bucks,5,7,-2,4,8,1,,,,
Heat,Hawks,10,13,13,18,8,7,,,,
Heat,Rockets,0,-5,-7,-13,8,22,,,,
Heat,Mavericks,0,1,9,3,8,15,,,,
Heat,Hornets,-6,0,-6,3,8,9,,,,
Heat,Clippers,4,-1,-8,-7,8,5,,,,
Heat,Spurs,4,-7,-10,-18,8,24,,,,
Heat,Hawks,3,0,-2,4,8,7,,,,
Heat,Wizards,11,15,14,20,8,30,,,,
Heat,Pacers,-10,-3,1,8,8,18,,,,
Heat,Warriors,9,4,3,-6,8,29,,,,
Heat,Celtics,8,3,-2,-12,8,4,,,,
Heat,Knicks,4,5,4,17,8,12,,,,
Heat,Bulls,6,3,13,18,8,2,,,,
Heat,Suns,8,14,16,16,8,25,,,,
Heat,Seventysixers,11,10,7,10,8,23,,,,
Heat,Seventysixers,5,-2,0,5,8,23,,,,
Heat,Bucks,-7,-3,5,-6,8,1,,,,
Heat,Bulls,-8,-4,3,22,8,2,,,,
Heat,Raptors,-4,-7,1,-8,8,21,,,,
Heat,Nuggets,3,2,-1,5,8,17,,,,
Heat,Hornets,3,-2,-9,-3,8,9,,,,
Heat,Cavaliers,12,21,28,21,8,3,,,,
Heat,Pelicans,14,19,13,14,8,19,,,,
Heat,Spurs,-5,-9,-25,-24,8,24,,,,
Heat,Magic,-3,-3,16,11,8,14,,,,
Heat,Nets,0,5,7,11,8,16,,,,
Heat,Lakers,2,7,0,-2,8,13,,,,
Heat,Kings,15,18,16,6,8,11,,,,
Heat,Trailblazers,2,-17,-20,-17,8,28,,,,
Heat,Pistons,6,18,19,18,8,20,,,,
Heat,Bulls,-1,-6,6,8,8,2,,,,
Heat,Magic,8,2,1,-3,8,14,,,,
Heat,Magic,3,7,20,22,8,14,,,,
Heat,Pistons,2,0,2,6,8,20,,,,
Heat,Celtics,22,24,4,-10,8,4,,,,
Heat,Hornets,19,17,23,32,8,9,,,,
Heat,Hornets,0,12,13,12,8,9,,,,
Heat,Hornets,-1,-5,-17,-16,8,9,,,,
Heat,Hornets,7,-9,-8,-4,8,9,,,,
Heat,Hornets,-3,-2,6,-2,8,9,,,,
Heat,Hornets,3,9,5,7,8,9,,,,
Heat,Hornets,11,12,30,33,8,9,,,,
Heat,Raptors,0,-2,5,6,8,21,,,,
Heat,Raptors,-10,-7,2,-4,8,21,,,,
Heat,Raptors,-4,-9,0,-4,8,21,,,,
Heat,Raptors,4,9,-2,7,8,21,,,,
Heat,Raptors,-10,-10,-13,-8,8,21,,,,
Heat,Raptors,1,9,10,12,8,21,,,,
Heat,Raptors,-1,-6,-8,-27,8,21,,,,
Hornets,Heat,4,-10,-13,-10,9,8,,,,
Hornets,Hawks,-7,-1,-7,-3,9,7,,,,
Hornets,Hawks,-10,-7,6,-2,9,7,,,,
Hornets,Bulls,17,22,23,25,9,2,,,,
Hornets,Mavericks,4,1,11,14,9,15,,,,
Hornets,Spurs,-8,-4,-17,-20,9,24,,,,
Hornets,Timberwolves,1,4,5,9,9,27,,,,
Hornets,Knicks,-9,2,-10,2,9,12,,,,
Hornets,Bulls,0,-4,2,-5,9,2,,,,
Hornets,Trailblazers,8,26,23,12,9,28,,,,
Hornets,Knicks,-5,2,-8,-8,9,12,,,,
Hornets,Nets,0,-4,0,5,9,16,,,,
Hornets,Seventysixers,11,21,15,25,9,23,,,,
Hornets,Kings,3,0,-17,5,9,11,,,,
Hornets,Wizards,4,4,-7,14,9,30,,,,
Hornets,Cavaliers,-1,2,4,-5,9,3,,,,
Hornets,Bucks,-6,8,6,5,9,1,,,,
Hornets,Warriors,-9,-9,-21,-17,9,29,,,,
Hornets,Bulls,4,2,-3,6,9,2,,,,
Hornets,Pistons,8,11,18,20,9,20,,,,
Hornets,Heat,10,20,26,18,9,8,,,,
Hornets,Grizzlies,-6,5,20,24,9,6,,,,
Hornets,Celtics,1,4,-4,-5,9,4,,,,
Hornets,Magic,-7,-13,-16,-15,9,14,,,,
Hornets,Raptors,5,12,12,10,9,21,,,,
Hornets,Wizards,-1,-6,-11,-8,9,30,,,,
Hornets,Rockets,1,-1,-9,-7,9,22,,,,
Hornets,Celtics,-8,-7,-12,-13,9,4,,,,
Hornets,Grizzlies,2,0,0,6,9,6,,,,
Hornets,Lakers,5,0,4,10,9,13,,,,
Hornets,Clippers,-7,-9,-6,-5,9,5,,,,
Hornets,Raptors,-1,0,8,-10,9,21,,,,
Hornets,Thunder,-12,-12,-11,-19,9,26,,,,
Hornets,Warriors,-8,-8,-18,-10,9,29,,,,
Hornets,Suns,-2,-8,-1,-9,9,25,,,,
Hornets,Clippers,-9,3,-6,-14,9,5,,,,
Hornets,Nuggets,-10,3,-4,-3,9,17,,,,
Hornets,Hawks,1,9,22,23,9,7,,,,
Hornets,Pelicans,2,-8,-3,-2,9,19,,,,
Hornets,Bucks,10,-4,-13,-13,9,1,,,,
Hornets,Jazz,1,9,9,5,9,10,,,,
Hornets,Thunder,-8,-7,-18,-14,9,26,,,,
Hornets,Magic,-5,-6,-15,4,9,14,,,,
Hornets,Knicks,-2,2,21,13,9,12,,,,
Hornets,Kings,-15,-10,4,1,9,11,,,,
Hornets,Jazz,0,-12,-19,-29,9,10,,,,
Hornets,Trailblazers,4,-5,-14,-18,9,28,,,,
Hornets,Lakers,5,15,23,19,9,13,,,,
Hornets,Cavaliers,0,-9,7,9,9,3,,,,
Hornets,Heat,6,0,6,-3,9,8,,,,
Hornets,Wizards,0,-10,3,4,9,30,,,,
Hornets,Bulls,18,15,22,17,9,2,,,,
Hornets,Pacers,0,17,19,22,9,18,,,,
Hornets,Bucks,3,0,-8,3,9,1,,,,
Hornets,Nets,3,7,13,8,9,16,,,,
Hornets,Cavaliers,1,-11,-12,-11,9,3,,,,
Hornets,Pacers,3,3,7,1,9,18,,,,
Hornets,Hawks,-16,-14,-11,-11,9,7,,,,
Hornets,Suns,17,26,37,34,9,25,,,,
Hornets,Seventysixers,3,8,9,20,9,23,,,,
Hornets,Pacers,1,5,-2,7,9,18,,,,
Hornets,Timberwolves,5,-2,7,5,9,27,,,,
Hornets,Pelicans,11,11,9,9,9,19,,,,
Hornets,Pistons,6,16,7,15,9,20,,,,
Hornets,Rockets,15,5,3,16,9,22,,,,
Hornets,Mavericks,-4,-19,-6,-11,9,15,,,,
Hornets,Magic,-4,18,21,8,9,14,,,,
Hornets,Heat,-3,2,9,3,9,8,,,,
Hornets,Nuggets,-6,-17,-16,-8,9,17,,,,
Hornets,Spurs,-21,-15,-5,3,9,24,,,,
Hornets,Nets,11,10,3,5,9,16,,,,
Hornets,Pistons,-12,-16,-22,-7,9,20,,,,
Hornets,Bucks,12,17,26,24,9,1,,,,
Hornets,Seventysixers,4,16,15,15,9,23,,,,
Hornets,Seventysixers,0,9,15,9,9,23,,,,
Hornets,Cavaliers,-10,-16,-15,-9,9,3,,,,
Hornets,Raptors,-10,-14,-16,-6,9,21,,,,
Hornets,Knicks,5,1,9,14,9,12,,,,
Hornets,Nets,0,7,20,14,9,16,,,,
Hornets,Wizards,-1,-7,-12,-15,9,30,,,,
Hornets,Celtics,-4,22,22,14,9,4,,,,
Hornets,Magic,16,16,7,14,9,14,,,,
Hornets,Heat,-19,-17,-23,-32,9,8,,,,
Hornets,Heat,0,-12,-13,-12,9,8,,,,
Hornets,Heat,1,5,17,16,9,8,,,,
Hornets,Heat,-7,9,8,4,9,8,,,,
Hornets,Heat,3,2,-6,2,9,8,,,,
Hornets,Heat,-3,-9,-5,-7,9,8,,,,
Hornets,Heat,-11,-12,-30,-33,9,8,,,,
Jazz,Pistons,-1,3,-5,-5,10,20,,,,
Jazz,Seventysixers,9,17,21,28,10,23,,,,
Jazz,Pacers,-6,-7,9,21,10,18,,,,
Jazz,Trailblazers,-1,-8,-8,-16,10,28,,,,
Jazz,Nuggets,-5,-2,1,12,10,17,,,,
Jazz,Grizzlies,2,13,20,10,10,6,,,,
Jazz,Cavaliers,-5,-4,0,-4,10,3,,,,
Jazz,Heat,-6,-1,0,-1,10,8,,,,
Jazz,Magic,-18,-12,-17,-9,10,14,,,,
Jazz,Hawks,3,-5,0,1,10,7,,,,
Jazz,Raptors,5,-3,-5,4,10,21,,,,
Jazz,Mavericks,5,-13,-9,-9,10,15,,,,
Jazz,Thunder,-3,-17,-20,-22,10,26,,,,
Jazz,Clippers,-2,0,5,11,10,5,,,,
Jazz,Pelicans,7,9,16,14,10,19,,,,
Jazz,Warriors,-6,-5,-6,-3,10,29,,,,
Jazz,Magic,-4,3,1,-9,10,14,,,,
Jazz,Pacers,8,5,0,3,10,18,,,,
Jazz,Kings,-11,-6,-6,-8,10,11,,,,
Jazz,Knicks,18,25,23,21,10,12,,,,
Jazz,Thunder,-12,-8,-5,-4,10,26,,,,
Jazz,Thunder,5,13,5,-6,10,26,,,,
Jazz,Spurs,-14,-23,-40,-37,10,24,,,,
Jazz,Pelicans,-3,-1,6,-10,10,19,,,,
Jazz,Nuggets,7,4,4,9,10,17,,,,
Jazz,Suns,12,11,18,21,10,25,,,,
Jazz,Warriors,-10,-9,-15,-18,10,29,,,,
Jazz,Clippers,8,5,-2,-5,10,5,,,,
Jazz,Seventysixers,14,13,0,4,10,23,,,,
Jazz,Timberwolves,-6,-7,-10,-14,10,27,,,,
Jazz,Trailblazers,0,18,15,13,10,28,,,,
Jazz,Grizzlies,3,1,-3,5,10,6,,,,
Jazz,Rockets,-7,10,8,-2,10,22,,,,
Jazz,Spurs,-10,-17,-21,-25,10,24,,,,
Jazz,Rockets,3,5,-6,-9,10,22,,,,
Jazz,Heat,-10,-4,4,15,10,8,,,,
Jazz,Lakers,1,13,11,12,10,13,,,,
Jazz,Trailblazers,1,-6,-15,-14,10,28,,,,
Jazz,Kings,-14,-11,-11,-2,10,11,,,,
Jazz,Lakers,14,24,30,27,10,13,,,,
Jazz,Hornets,-1,-9,-9,-5,10,9,,,,
Jazz,Knicks,5,11,8,-7,10,12,,,,
Jazz,Nets,-1,8,28,22,10,16,,,,
Jazz,Pistons,-9,-12,-10,-3,10,20,,,,
Jazz,Hornets,0,12,19,29,10,9,,,,
Jazz,Timberwolves,-2,1,13,13,10,27,,,,
Jazz,Bulls,0,-4,-1,9,10,2,,,,
Jazz,Nuggets,-2,-6,-2,4,10,17,,,,
Jazz,Bucks,-1,-4,1,3,10,1,,,,
Jazz,Suns,19,18,13,9,10,25,,,,
Jazz,Mavericks,-8,-7,-9,2,10,15,,,,
Jazz,Pelicans,2,-2,6,-4,10,19,,,,
Jazz,Wizards,-5,-7,-8,-14,10,30,,,,
Jazz,Celtics,2,5,11,18,10,4,,,,
Jazz,Trailblazers,7,5,2,-4,10,28,,,,
Jazz,Rockets,11,5,-4,3,10,22,,,,
Jazz,Spurs,5,-4,-8,-18,10,24,,,,
Jazz,Nets,2,-5,-9,-2,10,16,,,,
Jazz,Celtics,6,3,1,-5,10,4,,,,
Jazz,Raptors,2,-3,-11,-10,10,21,,,,
Jazz,Grizzlies,9,-10,5,-6,10,6,,,,
Jazz,Pelicans,9,6,14,12,10,19,,,,
Jazz,Hawks,11,1,-9,-7,10,7,,,,
Jazz,Warriors,-2,-11,-18,-21,10,29,,,,
Jazz,Wizards,3,8,20,21,10,30,,,,
Jazz,Kings,18,16,15,9,10,11,,,,
Jazz,Cavaliers,2,4,0,9,10,3,,,,
Jazz,Suns,3,8,17,34,10,25,,,,
Jazz,Bulls,-6,-10,-12,-7,10,2,,,,
Jazz,Bucks,1,1,14,9,10,1,,,,
Jazz,Rockets,-4,-15,-6,2,10,22,,,,
Jazz,Thunder,-3,-11,-21,-22,10,26,,,,
Jazz,Timberwolves,8,1,1,9,10,27,,,,
Jazz,Lakers,18,27,40,48,10,13,,,,
Jazz,Warriors,-5,-2,6,-7,10,29,,,,
Jazz,Timberwolves,1,2,9,13,10,27,,,,
Jazz,Suns,-7,13,10,15,10,25,,,,
Jazz,Spurs,-5,-5,-14,-2,10,24,,,,
Jazz,Clippers,1,5,-4,-3,10,5,,,,
Jazz,Nuggets,4,1,20,16,10,17,,,,
Jazz,Mavericks,-2,-4,-7,-9,10,15,,,,
Jazz,Lakers,2,15,9,-5,10,13,,,,
Kings,Clippers,-8,-10,-11,-7,11,5,,,,
Kings,Lakers,16,24,19,18,11,13,,,,
Kings,Clippers,7,-4,-4,-5,11,5,,,,
Kings,Grizzlies,4,-10,-16,-14,11,6,,,,
Kings,Suns,-10,-9,-12,-21,11,25,,,,
Kings,Rockets,-6,-11,-7,-6,11,22,,,,
Kings,Warriors,-6,-8,-4,-9,11,29,,,,
Kings,Spurs,1,-6,-3,-18,11,24,,,,
Kings,Pistons,13,12,16,9,11,20,,,,
Kings,Nets,-7,-6,3,2,11,16,,,,
Kings,Raptors,-1,2,-3,6,11,21,,,,
Kings,Hawks,3,-10,-2,-6,11,7,,,,
Kings,Heat,-4,-10,-6,-7,11,8,,,,
Kings,Magic,5,6,16,6,11,14,,,,
Kings,Hornets,-3,0,17,-5,11,9,,,,
Kings,Bucks,7,3,4,11,11,1,,,,
Kings,Timberwolves,-1,-6,-7,-10,11,27,,,,
Kings,Warriors,-1,-10,-21,-19,11,29,,,,
Kings,Mavericks,-9,-4,5,14,11,15,,,,
Kings,Celtics,-15,-15,-22,-17,11,4,,,,
Kings,Rockets,-13,-2,1,-7,11,22,,,,
Kings,Thunder,-3,-3,-12,-3,11,26,,,,
Kings,Jazz,11,6,6,8,11,10,,,,
Kings,Knicks,8,7,11,2,11,12,,,,
Kings,Rockets,0,7,8,10,11,22,,,,
Kings,Timberwolves,-7,-4,-6,-4,11,27,,,,
Kings,Raptors,19,7,8,10,11,21,,,,
Kings,Wizards,1,-4,0,-14,11,30,,,,
Kings,Pacers,3,15,2,2,11,18,,,,
Kings,Trailblazers,1,2,0,-4,11,28,,,,
Kings,Warriors,2,3,-15,-19,11,29,,,,
Kings,Seventysixers,1,0,-4,-5,11,23,,,,
Kings,Suns,13,6,16,23,11,25,,,,
Kings,Thunder,-2,2,8,12,11,26,,,,
Kings,Mavericks,-3,-6,-8,-1,11,15,,,,
Kings,Lakers,17,21,16,3,11,13,,,,
Kings,Warriors,1,-2,-12,-12,11,29,,,,
Kings,Pelicans,-9,-15,-25,-12,11,19,,,,
Kings,Jazz,14,11,11,2,11,10,,,,
Kings,Clippers,0,4,3,7,11,5,,,,
Kings,Lakers,10,5,9,19,11,13,,,,
Kings,Hawks,7,3,9,3,11,7,,,,
Kings,Pacers,6,5,11,11,11,18,,,,
Kings,Hornets,15,10,-4,-1,11,9,,,,
Kings,Trailblazers,-4,-6,-14,-15,11,28,,,,
Kings,Pelicans,-18,-10,-13,-9,11,19,,,,
Kings,Grizzlies,-14,-14,-15,-4,11,6,,,,
Kings,Bucks,-7,-3,0,7,11,1,,,,
Kings,Bulls,-9,-3,-5,-5,11,2,,,,
Kings,Nets,-8,-4,-18,-9,11,16,,,,
Kings,Celtics,-9,-16,-8,-9,11,4,,,,
Kings,Cavaliers,-8,-16,-21,-20,11,3,,,,
Kings,Seventysixers,-6,-15,-12,4,11,23,,,,
Kings,Nuggets,7,13,11,6,11,17,,,,
Kings,Nuggets,3,11,14,4,11,17,,,,
Kings,Spurs,-1,-11,-6,-16,11,24,,,,
Kings,Clippers,0,3,-15,-10,11,5,,,,
Kings,Thunder,-4,-8,-10,-15,11,26,,,,
Kings,Grizzlies,-3,-16,-5,-6,11,6,,,,
Kings,Mavericks,-5,5,4,3,11,15,,,,
Kings,Spurs,-7,-3,-19,-10,11,24,,,,
Kings,Pelicans,-2,13,6,-3,11,19,,,,
Kings,Cavaliers,-3,6,-5,-9,11,3,,,,
Kings,Magic,-6,-1,-5,-7,11,14,,,,
Kings,Jazz,-18,-16,-15,-9,11,10,,,,
Kings,Lakers,17,16,12,8,11,13,,,,
Kings,Pelicans,-2,-21,-15,-15,11,19,,,,
Kings,Pistons,-14,-13,-4,-7,11,20,,,,
Kings,Knicks,16,3,4,8,11,12,,,,
Kings,Bulls,-4,-8,-1,-7,11,2,,,,
Kings,Timberwolves,1,-2,-12,-9,11,27,,,,
Kings,Suns,-2,10,22,22,11,25,,,,
Kings,Mavericks,5,17,23,22,11,15,,,,
Kings,Trailblazers,-5,-16,-28,-12,11,28,,,,
Kings,Wizards,-2,5,6,9,11,30,,,,
Kings,Heat,-15,-18,-16,-6,11,8,,,,
Kings,Nuggets,-4,-7,-4,9,11,17,,,,
Kings,Trailblazers,3,6,-4,-8,11,28,,,,
Kings,Timberwolves,-4,-7,-7,-8,11,27,,,,
Kings,Thunder,-8,4,-1,2,11,26,,,,
Kings,Suns,4,7,15,4,11,25,,,,
Kings,Rockets,-16,-20,-28,-35,11,22,,,,
Knicks,Bucks,4,12,17,25,12,1,,,,
Knicks,Hawks,-10,-16,-12,-11,12,7,,,,
Knicks,Wizards,0,3,-3,7,12,30,,,,
Knicks,Spurs,3,-12,-5,-10,12,24,,,,
Knicks,Cavaliers,14,8,-1,-10,12,3,,,,
Knicks,Bucks,-10,-3,-2,-7,12,1,,,,
Knicks,Lakers,0,-4,1,4,12,13,,,,
Knicks,Raptors,7,8,0,2,12,21,,,,
Knicks,Hornets,9,-2,10,-2,12,9,,,,
Knicks,Cavaliers,-6,7,6,-6,12,3,,,,
Knicks,Pelicans,-4,-2,3,8,12,19,,,,
Knicks,Hornets,5,-2,8,8,12,9,,,,
Knicks,Thunder,5,4,11,3,12,26,,,,
Knicks,Rockets,-2,5,2,5,12,22,,,,
Knicks,Heat,-7,-22,-17,-17,12,8,,,,
Knicks,Magic,-3,-11,-9,-9,12,14,,,,
Knicks,Heat,1,-1,-11,-19,12,8,,,,
Knicks,Rockets,4,13,8,-5,12,22,,,,
Knicks,Seventysixers,6,15,23,12,12,23,,,,
Knicks,Nets,21,23,25,17,12,16,,,,
Knicks,Bucks,-5,-4,-12,-15,12,1,,,,
Knicks,Mavericks,-6,-13,-16,-7,12,15,,,,
Knicks,Jazz,-18,-25,-23,-21,12,10,,,,
Knicks,Kings,-8,-7,-11,-2,12,11,,,,
Knicks,Trailblazers,-8,-1,-10,2,12,28,,,,
Knicks,Timberwolves,1,20,8,5,12,27,,,,
Knicks,Seventysixers,7,21,21,10,12,23,,,,
Knicks,Bulls,7,10,9,16,12,2,,,,
Knicks,Magic,-8,-6,-5,-8,12,14,,,,
Knicks,Cavaliers,-7,-5,0,-7,12,3,,,,
Knicks,Hawks,10,3,-12,-19,12,7,,,,
Knicks,Celtics,-4,-10,-12,-9,12,4,,,,
Knicks,Pistons,-1,1,7,12,12,20,,,,
Knicks,Bulls,-16,-6,-4,-27,12,2,,,,
Knicks,Hawks,1,10,10,14,12,7,,,,
Knicks,Hawks,9,5,13,6,12,7,,,,
Knicks,Heat,1,8,12,8,12,8,,,,
Knicks,Spurs,4,-3,-5,-1,12,24,,,,
Knicks,Bucks,0,10,22,12,12,1,,,,
Knicks,Celtics,9,10,4,6,12,4,,,,
Knicks,Nets,-9,-3,1,-6,12,16,,,,
Knicks,Grizzlies,3,2,0,-8,12,6,,,,
Knicks,Seventysixers,0,5,13,6,12,23,,,,
Knicks,Jazz,-5,-11,-8,7,12,10,,,,
Knicks,Clippers,-7,-10,-22,-28,12,5,,,,
Knicks,Hornets,2,-2,-21,-13,12,9,,,,
Knicks,Thunder,-4,2,3,-6,12,26,,,,
Knicks,Raptors,-6,-10,-10,-10,12,21,,,,
Knicks,Suns,10,18,24,18,12,25,,,,
Knicks,Warriors,2,-6,-17,-21,12,29,,,,
Knicks,Celtics,1,2,-5,-8,12,4,,,,
Knicks,Pistons,-12,-24,-7,-6,12,20,,,,
Knicks,Grizzlies,-6,-10,-7,-6,12,6,,,,
Knicks,Nuggets,-11,-11,2,-5,12,17,,,,
Knicks,Wizards,-14,-13,0,-3,12,30,,,,
Knicks,Nets,9,2,-8,-11,12,16,,,,
Knicks,Timberwolves,15,11,20,8,12,27,,,,
Knicks,Raptors,2,-14,-18,-27,12,21,,,,
Knicks,Pacers,-2,2,0,-3,12,18,,,,
Knicks,Magic,9,18,13,13,12,14,,,,
Knicks,Heat,-4,-5,-4,-17,12,8,,,,
Knicks,Trailblazers,-2,-8,-13,-19,12,28,,,,
Knicks,Celtics,4,5,6,-1,12,4,,,,
Knicks,Pistons,1,15,9,13,12,20,,,,
Knicks,Nuggets,-6,-11,-14,-16,12,17,,,,
Knicks,Suns,10,20,13,31,12,25,,,,
Knicks,Clippers,-7,-11,-2,-7,12,5,,,,
Knicks,Lakers,7,11,5,3,12,13,,,,
Knicks,Warriors,-12,-16,-33,-36,12,29,,,,
Knicks,Wizards,9,10,-10,-10,12,30,,,,
Knicks,Kings,-16,-3,-4,-8,12,11,,,,
Knicks,Bulls,-7,2,19,8,12,2,,,,
Knicks,Bulls,4,8,15,12,12,2,,,,
Knicks,Cavaliers,-17,-24,-17,-14,12,3,,,,
Knicks,Pelicans,4,5,-4,-8,12,19,,,,
Knicks,Mavericks,6,-3,7,-2,12,15,,,,
Knicks,Nets,1,1,7,14,12,16,,,,
Knicks,Pacers,5,-13,-9,-5,12,18,,,,
Knicks,Hornets,-5,-1,-9,-14,12,9,,,,
Knicks,Seventysixers,4,3,8,7,12,23,,,,
Knicks,Raptors,5,-3,-6,-4,12,21,,,,
Knicks,Pacers,7,1,-9,-12,12,18,,,,
Lakers,Timberwolves,9,9,7,-1,13,27,,,,
Lakers,Kings,-16,-24,-19,-18,13,11,,,,
Lakers,Mavericks,-11,-9,-17,-10,13,15,,,,
Lakers,Nuggets,6,-3,-10,-11,13,17,,,,
Lakers,Nets,-9,5,7,6,13,16,,,,
Lakers,Knicks,0,4,-1,-4,13,12,,,,
Lakers,Heat,-6,-1,-9,-13,13,8,,,,
Lakers,Magic,-1,-3,-4,-2,13,14,,,,
Lakers,Mavericks,-5,-8,-9,-8,13,15,,,,
Lakers,Pistons,3,4,0,12,13,20,,,,
Lakers,Suns,-4,-4,-5,-19,13,25,,,,
Lakers,Raptors,-6,1,-8,-11,13,21,,,,
Lakers,Trailblazers,-9,-4,-10,-14,13,28,,,,
Lakers,Warriors,-19,-16,-34,-34,13,29,,,,
Lakers,Trailblazers,-13,-14,-8,-12,13,28,,,,
Lakers,Pacers,-16,-13,-15,-4,13,18,,,,
Lakers,Seventysixers,7,8,-5,-12,13,23,,,,
Lakers,Wizards,12,6,3,4,13,30,,,,
Lakers,Hawks,-4,-16,-6,-13,13,7,,,,
Lakers,Pistons,-13,-23,-25,-20,13,20,,,,
Lakers,Raptors,-3,-10,0,-9,13,21,,,,
Lakers,Timberwolves,-3,-2,-3,-1,13,27,,,,
Lakers,Spurs,-4,-2,-8,-22,13,24,,,,
Lakers,Rockets,-7,-17,-15,-29,13,22,,,,
Lakers,Bucks,5,9,20,18,13,1,,,,
Lakers,Rockets,-11,-13,-10,-20,13,22,,,,
Lakers,Thunder,-20,-26,-37,-40,13,26,,,,
Lakers,Nuggets,-8,-13,3,4,13,17,,,,
Lakers,Thunder,-10,-11,-31,-35,13,26,,,,
Lakers,Clippers,-10,-16,-28,-10,13,5,,,,
Lakers,Grizzlies,-9,-13,-18,-16,13,6,,,,
Lakers,Hornets,-5,0,-4,-10,13,9,,,,
Lakers,Celtics,-3,2,11,8,13,4,,,,
Lakers,Seventysixers,0,-1,2,9,13,23,,,,
Lakers,Suns,15,21,30,20,13,25,,,,
Lakers,Warriors,-12,-15,-32,-21,13,29,,,,
Lakers,Kings,-17,-21,-16,-3,13,11,,,,
Lakers,Thunder,-4,-7,-5,-4,13,26,,,,
Lakers,Jazz,-1,-13,-11,-12,13,10,,,,
Lakers,Pelicans,-7,-3,-4,4,13,19,,,,
Lakers,Warriors,-1,-3,-14,-18,13,29,,,,
Lakers,Jazz,-14,-24,-30,-27,13,10,,,,
Lakers,Rockets,4,-3,-19,-17,13,22,,,,
Lakers,Kings,-10,-5,-9,-19,13,11,,,,
Lakers,Spurs,-9,-13,-16,-13,13,24,,,,
Lakers,Trailblazers,-15,-10,-25,-18,13,28,,,,
Lakers,Mavericks,-7,2,1,-2,13,15,,,,
Lakers,Bulls,-17,-18,-19,-23,13,2,,,,
Lakers,Clippers,1,-5,-7,-12,13,5,,,,
Lakers,Hornets,-5,-15,-23,-19,13,9,,,,
Lakers,Timberwolves,1,14,11,4,13,27,,,,
Lakers,Pelicans,-2,11,10,3,13,19,,,,
Lakers,Spurs,-9,-3,2,-4,13,24,,,,
Lakers,Pacers,-1,-8,-5,-2,13,18,,,,
Lakers,Cavaliers,-10,-17,-19,-9,13,3,,,,
Lakers,Spurs,-3,-11,-10,-6,13,24,,,,
Lakers,Bulls,-1,-4,-16,-11,13,2,,,,
Lakers,Bucks,-10,-6,-25,-7,13,1,,,,
Lakers,Grizzlies,-10,-9,-13,-9,13,6,,,,
Lakers,Grizzlies,-7,-17,-19,-17,13,6,,,,
Lakers,Nets,5,8,5,6,13,16,,,,
Lakers,Nuggets,2,3,-1,-10,13,17,,,,
Lakers,Hawks,-7,-18,-15,-29,13,7,,,,
Lakers,Warriors,1,11,11,17,13,29,,,,
Lakers,Magic,-6,-6,7,9,13,14,,,,
Lakers,Cavaliers,-2,-9,-13,-12,13,3,,,,
Lakers,Knicks,-7,-11,-5,-3,13,12,,,,
Lakers,Kings,-17,-16,-12,-8,13,11,,,,
Lakers,Suns,-4,-15,-14,-5,13,25,,,,
Lakers,Grizzlies,0,1,3,7,13,6,,,,
Lakers,Suns,6,0,-9,-12,13,25,,,,
Lakers,Nuggets,7,-12,-6,-11,13,17,,,,
Lakers,Wizards,3,-6,-18,-13,13,30,,,,
Lakers,Jazz,-18,-27,-40,-48,13,10,,,,
Lakers,Heat,-2,-7,0,2,13,8,,,,
Lakers,Celtics,-5,-9,-2,-7,13,4,,,,
Lakers,Clippers,-11,-8,-24,-22,13,5,,,,
Lakers,Clippers,-4,-12,-12,-10,13,5,,,,
Lakers,Pelicans,3,-11,-20,-8,13,19,,,,
Lakers,Rockets,-2,-2,-8,-20,13,22,,,,
Lakers,Thunder,-6,-10,-28,-33,13,26,,,,
Lakers,Jazz,-2,-15,-9,5,13,10,,,,
Magic,Wizards,-2,-2,2,-1,14,30,,,,
Magic,Thunder,4,14,18,-3,14,26,,,,
Magic,Bulls,-3,-14,-12,-5,14,2,,,,
Magic,Pelicans,11,14,9,9,14,19,,,,
Magic,Rockets,1,-9,-2,-5,14,22,,,,
Magic,Raptors,6,9,-5,5,14,21,,,,
Magic,Seventysixers,8,7,8,8,14,23,,,,
Magic,Pacers,0,-1,-1,-13,14,18,,,,
Magic,Lakers,1,3,4,2,14,13,,,,
Magic,Jazz,18,12,17,9,14,10,,,,
Magic,Wizards,-2,6,-3,-9,14,30,,,,
Magic,Timberwolves,-8,-14,-5,3,14,27,,,,
Magic,Kings,-5,-6,-16,-6,14,11,,,,
Magic,Cavaliers,-2,-4,-16,-14,14,3,,,,
Magic,Knicks,3,11,9,9,14,12,,,,
Magic,Bucks,0,6,21,24,14,1,,,,
Magic,Celtics,1,8,17,19,14,4,,,,
Magic,Timberwolves,7,13,9,3,14,27,,,,
Magic,Jazz,4,-3,-1,9,14,10,,,,
Magic,Clippers,2,-3,5,-2,14,5,,,,
Magic,Nuggets,0,-7,-1,11,14,17,,,,
Magic,Suns,3,-2,-11,-3,14,25,,,,
Magic,Cavaliers,-2,-16,-31,-35,14,3,,,,
Magic,Nets,0,7,14,23,14,16,,,,
Magic,Hornets,7,13,16,15,14,9,,,,
Magic,Trailblazers,3,1,6,8,14,28,,,,
Magic,Hawks,4,-10,1,-3,14,7,,,,
Magic,Knicks,8,6,5,8,14,12,,,,
Magic,Rockets,-6,6,13,3,14,22,,,,
Magic,Heat,4,12,7,-7,14,8,,,,
Magic,Pelicans,2,4,11,15,14,19,,,,
Magic,Nets,0,-7,-5,7,14,16,,,,
Magic,Wizards,-3,-5,0,-12,14,30,,,,
Magic,Cavaliers,-16,-23,-28,-25,14,3,,,,
Magic,Pistons,-8,-10,-14,-26,14,20,,,,
Magic,Pacers,-2,1,-7,-9,14,18,,,,
Magic,Nets,9,-1,-2,6,14,16,,,,
Magic,Wizards,-10,-11,-15,-6,14,30,,,,
Magic,Raptors,-13,-7,-4,-3,14,21,,,,
Magic,Hawks,-7,-13,-13,-17,14,7,,,,
Magic,Seventysixers,-2,-1,-10,-9,14,23,,,,
Magic,Hornets,5,6,15,-4,14,9,,,,
Magic,Grizzlies,2,1,1,-6,14,6,,,,
Magic,Bucks,7,3,-4,-7,14,1,,,,
Magic,Celtics,-4,-8,-9,-19,14,4,,,,
Magic,Celtics,-8,-7,0,5,14,4,,,,
Magic,Spurs,-11,-8,-5,-15,14,24,,,,
Magic,Thunder,0,-1,-2,-3,14,26,,,,
Magic,Clippers,-8,-11,-4,-14,14,5,,,,
Magic,Hawks,11,7,11,2,14,7,,,,
Magic,Hawks,-12,-13,-11,7,14,7,,,,
Magic,Spurs,-6,1,12,-2,14,24,,,,
Magic,Mavericks,18,5,-9,6,14,15,,,,
Magic,Pacers,2,0,-1,-3,14,18,,,,
Magic,Seventysixers,2,5,4,9,14,23,,,,
Magic,Warriors,-3,4,-8,-16,14,29,,,,
Magic,Knicks,-9,-18,-13,-13,14,12,,,,
Magic,Seventysixers,14,26,15,14,14,23,,,,
Magic,Mavericks,-8,-8,-15,-13,14,15,,,,
Magic,Bulls,10,10,17,13,14,2,,,,
Magic,Suns,0,-8,-18,-18,14,25,,,,
Magic,Warriors,-13,-13,-17,-6,14,29,,,,
Magic,Lakers,6,6,-7,-9,14,13,,,,
Magic,Kings,6,1,5,7,14,11,,,,
Magic,Trailblazers,-7,-21,-25,-37,14,28,,,,
Magic,Nuggets,7,15,6,6,14,17,,,,
Magic,Hornets,4,-18,-21,-8,14,9,,,,
Magic,Cavaliers,2,-9,3,-6,14,3,,,,
Magic,Raptors,-5,2,2,-5,14,21,,,,
Magic,Celtics,-5,-7,-13,-11,14,4,,,,
Magic,Pistons,-11,-9,-9,-16,14,20,,,,
Magic,Heat,3,3,-16,-11,14,8,,,,
Magic,Bulls,14,18,18,22,14,2,,,,
Magic,Nets,9,28,30,34,14,16,,,,
Magic,Pacers,5,6,10,20,14,18,,,,
Magic,Bucks,-9,-1,1,-3,14,1,,,,
Magic,Grizzlies,-1,11,12,12,14,6,,,,
Magic,Pistons,-4,7,4,-4,14,20,,,,
Magic,Heat,-8,-2,-1,3,14,8,,,,
Magic,Heat,-3,-7,-20,-22,14,8,,,,
Magic,Bucks,10,14,12,9,14,1,,,,
Magic,Hornets,-16,-16,-7,-14,14,9,,,,
Mavericks,Suns,2,9,22,16,15,25,,,,
Mavericks,Clippers,-5,-8,-17,-16,15,5,,,,
Mavericks,Lakers,11,9,17,10,15,13,,,,
Mavericks,Raptors,-6,2,-1,-11,15,21,,,,
Mavericks,Hornets,-4,-1,-11,-14,15,9,,,,
Mavericks,Pelicans,5,-6,2,9,15,19,,,,
Mavericks,Pelicans,-7,-18,-19,-15,15,19,,,,
Mavericks,Clippers,-8,-1,6,10,15,5,,,,
Mavericks,Lakers,5,8,9,8,15,13,,,,
Mavericks,Rockets,12,23,15,12,15,22,,,,
Mavericks,Seventysixers,13,5,3,6,15,23,,,,
Mavericks,Celtics,-15,-9,-8,4,15,4,,,,
Mavericks,Jazz,-5,13,9,9,15,10,,,,
Mavericks,Thunder,-6,-8,-2,-3,15,26,,,,
Mavericks,Grizzlies,-4,-10,-22,-14,15,6,,,,
Mavericks,Spurs,-6,-7,-3,-5,15,24,,,,
Mavericks,Nuggets,-3,-4,16,11,15,17,,,,
Mavericks,Kings,9,4,-5,-14,15,11,,,,
Mavericks,Trailblazers,9,-2,1,3,15,28,,,,
Mavericks,Rockets,2,-4,0,-4,15,22,,,,
Mavericks,Wizards,1,-3,3,12,15,30,,,,
Mavericks,Knicks,6,13,16,7,15,12,,,,
Mavericks,Hawks,1,-5,-4,-3,15,7,,,,
Mavericks,Wizards,2,-1,-18,-3,15,30,,,,
Mavericks,Suns,4,3,19,10,15,25,,,,
Mavericks,Pacers,-1,2,-11,-26,15,18,,,,
Mavericks,Grizzlies,-1,6,9,9,15,6,,,,
Mavericks,Raptors,-16,-13,-5,-4,15,21,,,,
Mavericks,Nets,6,11,-6,1,15,16,,,,
Mavericks,Bulls,7,-1,1,7,15,2,,,,
Mavericks,Bucks,10,9,7,10,15,1,,,,
Mavericks,Warriors,6,18,19,23,15,29,,,,
Mavericks,Heat,-12,-13,-19,-24,15,8,,,,
Mavericks,Pelicans,-1,-1,-8,-7,15,19,,,,
Mavericks,Kings,3,6,8,1,15,11,,,,
Mavericks,Pelicans,-2,-1,3,9,15,19,,,,
Mavericks,Bucks,-10,-16,-4,-1,15,1,,,,
Mavericks,Timberwolves,0,6,13,6,15,27,,,,
Mavericks,Cavaliers,3,5,5,-3,15,3,,,,
Mavericks,Thunder,-10,-23,-19,-19,15,26,,,,
Mavericks,Bulls,-4,-10,-2,6,15,2,,,,
Mavericks,Spurs,2,-10,-22,-29,15,24,,,,
Mavericks,Celtics,13,13,-2,5,15,4,,,,
Mavericks,Timberwolves,-10,0,-3,12,15,27,,,,
Mavericks,Thunder,-2,8,-11,-3,15,26,,,,
Mavericks,Rockets,-7,8,1,-11,15,22,,,,
Mavericks,Lakers,7,-2,-1,2,15,13,,,,
Mavericks,Warriors,-10,-8,-18,-20,15,29,,,,
Mavericks,Nets,7,12,16,12,15,16,,,,
Mavericks,Suns,-2,6,-1,13,15,25,,,,
Mavericks,Hawks,-12,-7,-13,-15,15,7,,,,
Mavericks,Heat,0,-1,-9,-3,15,8,,,,
Mavericks,Spurs,-15,-36,-28,-26,15,24,,,,
Mavericks,Grizzlies,-5,2,-1,4,15,6,,,,
Mavericks,Jazz,8,7,9,-2,15,10,,,,
Mavericks,Magic,-18,-5,9,-6,15,14,,,,
Mavericks,Seventysixers,-2,12,15,26,15,23,,,,
Mavericks,Thunder,-9,-7,-6,-13,15,26,,,,
Mavericks,Nuggets,-8,-12,-4,6,15,17,,,,
Mavericks,Timberwolves,15,11,25,27,15,27,,,,
Mavericks,Magic,8,8,15,13,15,14,,,,
Mavericks,Kings,5,-5,-4,-3,15,11,,,,
Mavericks,Nuggets,-3,-7,2,-2,15,17,,,,
Mavericks,Clippers,1,2,-15,-19,15,5,,,,
Mavericks,Pistons,2,-2,-2,-6,15,20,,,,
Mavericks,Pacers,-3,-4,-8,-7,15,18,,,,
Mavericks,Hornets,4,19,6,11,15,9,,,,
Mavericks,Cavaliers,-3,-6,-16,-1,15,3,,,,
Mavericks,Warriors,-6,-6,-9,-18,15,29,,,,
Mavericks,Trailblazers,-11,3,8,12,15,28,,,,
Mavericks,Trailblazers,-2,-4,-10,-6,15,28,,,,
Mavericks,Warriors,-7,-14,-13,-8,15,29,,,,
Mavericks,Kings,-5,-17,-23,-22,15,11,,,,
Mavericks,Nuggets,4,4,6,9,15,17,,,,
Mavericks,Knicks,-6,3,-7,2,15,12,,,,
Mavericks,Pistons,0,15,10,9,15,20,,,,
Mavericks,Timberwolves,-5,1,5,10,15,27,,,,
Mavericks,Rockets,-4,8,-1,2,15,22,,,,
Mavericks,Grizzlies,-3,-3,6,10,15,6,,,,
Mavericks,Clippers,-2,-2,-17,-7,15,5,,,,
Mavericks,Jazz,2,4,7,9,15,10,,,,
Mavericks,Spurs,7,18,2,-5,15,24,,,,
Mavericks,Thunder,-15,-26,-42,-38,15,26,,,,
Mavericks,Thunder,4,2,-3,1,15,26,,,,
Mavericks,Thunder,-6,-10,-19,-29,15,26,,,,
Mavericks,Thunder,-15,-9,-10,-11,15,26,,,,
Mavericks,Thunder,-11,-7,-10,-14,15,26,,,,
Nets,Bulls,-11,-3,-15,-15,16,2,,,,
Nets,Spurs,-4,5,-12,-27,16,24,,,,
Nets,Grizzlies,-5,-11,-10,-10,16,6,,,,
Nets,Bucks,0,-11,0,-7,16,1,,,,
Nets,Hawks,-6,2,-2,-14,16,7,,,,
Nets,Lakers,9,-5,-7,-6,16,13,,,,
Nets,Bucks,6,0,-6,-8,16,1,,,,
Nets,Rockets,-6,6,-4,8,16,22,,,,
Nets,Kings,7,6,-3,-2,16,11,,,,
Nets,Warriors,15,2,7,-8,16,29,,,,
Nets,Hawks,-2,-1,4,2,16,7,,,,
Nets,Hornets,0,4,0,-5,16,9,,,,
Nets,Celtics,-4,-24,-24,-25,16,4,,,,
Nets,Celtics,5,17,8,10,16,4,,,,
Nets,Thunder,1,-4,-7,-11,16,26,,,,
Nets,Cavaliers,7,6,-1,-2,16,3,,,,
Nets,Pistons,-4,-6,-8,4,16,20,,,,
Nets,Suns,5,9,-3,3,16,25,,,,
Nets,Knicks,-21,-23,-25,-17,16,12,,,,
Nets,Warriors,-14,-3,-7,-16,16,29,,,,
Nets,Rockets,7,11,8,5,16,22,,,,
Nets,Seventysixers,11,8,-4,9,16,23,,,,
Nets,Clippers,-8,-13,-14,-5,16,5,,,,
Nets,Magic,0,-7,-14,-23,16,14,,,,
Nets,Heat,8,-5,-6,-6,16,8,,,,
Nets,Pacers,-5,-2,5,-7,16,18,,,,
Nets,Timberwolves,-10,-9,-10,-15,16,27,,,,
Nets,Bulls,7,3,7,3,16,2,,,,
Nets,Mavericks,-6,-11,6,-1,16,15,,,,
Nets,Wizards,-8,-2,-2,-15,16,30,,,,
Nets,Heat,-2,-14,1,6,16,8,,,,
Nets,Magic,0,7,5,-7,16,14,,,,
Nets,Celtics,2,1,10,3,16,4,,,,
Nets,Celtics,-15,-14,-11,-9,16,4,,,,
Nets,Raptors,-7,-9,-14,-17,16,21,,,,
Nets,Magic,-9,1,2,-6,16,14,,,,
Nets,Pistons,-10,-10,-6,-14,16,20,,,,
Nets,Spurs,-2,-7,-21,-27,16,24,,,,
Nets,Knicks,9,3,-1,6,16,12,,,,
Nets,Trailblazers,1,-7,-4,-12,16,28,,,,
Nets,Hawks,-4,-7,-16,-28,16,7,,,,
Nets,Raptors,10,-3,3,-12,16,21,,,,
Nets,Cavaliers,-6,-13,-18,-13,16,3,,,,
Nets,Jazz,1,-8,-28,-22,16,10,,,,
Nets,Thunder,2,8,8,10,16,26,,,,
Nets,Heat,5,6,-4,-4,16,8,,,,
Nets,Mavericks,-7,-12,-16,-12,16,15,,,,
Nets,Pelicans,6,7,-5,-2,16,19,,,,
Nets,Pistons,-2,3,-3,-5,16,20,,,,
Nets,Pacers,-3,-19,-10,-14,16,18,,,,
Nets,Kings,8,4,18,9,16,11,,,,
Nets,Seventysixers,-12,-2,-5,-5,16,23,,,,
Nets,Nuggets,4,6,3,1,16,17,,,,
Nets,Grizzlies,5,-5,-26,-19,16,6,,,,
Nets,Knicks,-9,-2,8,11,16,12,,,,
Nets,Hornets,-3,-7,-13,-8,16,9,,,,
Nets,Trailblazers,-13,-14,-3,-8,16,28,,,,
Nets,Suns,5,21,19,10,16,25,,,,
Nets,Jazz,-2,5,9,2,16,10,,,,
Nets,Clippers,-2,-6,-2,-10,16,5,,,,
Nets,Lakers,-5,-8,-5,-6,16,13,,,,
Nets,Nuggets,6,6,0,1,16,17,,,,
Nets,Timberwolves,-7,-17,-18,-14,16,27,,,,
Nets,Raptors,-5,16,2,-5,16,21,,,,
Nets,Seventysixers,-6,-8,-5,-6,16,23,,,,
Nets,Bucks,-2,1,1,-9,16,1,,,,
Nets,Seventysixers,17,20,17,17,16,23,,,,
Nets,Bulls,-10,-18,-5,-16,16,2,,,,
Nets,Pistons,-6,-2,0,-12,16,20,,,,
Nets,Hornets,-11,-10,-3,-5,16,9,,,,
Nets,Cavaliers,3,10,-3,9,16,3,,,,
Nets,Pacers,-3,-6,-8,10,16,18,,,,
Nets,Heat,0,-5,-7,-11,16,8,,,,
Nets,Magic,-9,-28,-30,-34,16,14,,,,
Nets,Cavaliers,-7,-24,-26,-20,16,3,,,,
Nets,Knicks,-1,-1,-7,-14,16,12,,,,
Nets,Pelicans,-4,-11,-9,-19,16,19,,,,
Nets,Wizards,-7,-2,-13,-18,16,30,,,,
Nets,Hornets,0,-7,-20,-14,16,9,,,,
Nets,Pacers,-20,-28,-32,-24,16,18,,,,
Nets,Wizards,-6,-1,-2,-9,16,30,,,,
Nets,Raptors,10,-2,-12,-7,16,21,,,,
Nuggets,Rockets,6,4,13,20,17,22,,,,
Nuggets,Timberwolves,-10,-10,-16,-17,17,27,,,,
Nuggets,Thunder,-7,-8,-25,-24,17,26,,,,
Nuggets,Lakers,-6,3,10,11,17,13,,,,
Nuggets,Jazz,5,2,-1,-12,17,10,,,,
Nuggets,Warriors,-17,-30,-24,-15,17,29,,,,
Nuggets,Trailblazers,-4,-1,-1,4,17,28,,,,
Nuggets,Bucks,-7,-11,7,1,17,1,,,,
Nuggets,Rockets,7,8,8,9,17,22,,,,
Nuggets,Suns,-14,-32,-34,-24,17,25,,,,
Nuggets,Pelicans,10,-2,8,17,17,19,,,,
Nuggets,Spurs,-7,-7,-14,-11,17,24,,,,
Nuggets,Suns,12,14,4,-7,17,25,,,,
Nuggets,Warriors,-11,-6,-12,-13,17,29,,,,
Nuggets,Clippers,1,-6,-11,-17,17,5,,,,
Nuggets,Spurs,0,-4,-11,-11,17,24,,,,
Nuggets,Mavericks,3,4,-16,-11,17,15,,,,
Nuggets,Bucks,-5,-2,-7,-18,17,1,,,,
Nuggets,Bulls,-7,-5,4,-9,17,2,,,,
Nuggets,Raptors,10,14,10,1,17,21,,,,
Nuggets,Seventysixers,4,-7,-8,3,17,23,,,,
Nuggets,Magic,0,7,1,-11,17,14,,,,
Nuggets,Timberwolves,-6,-15,-5,3,17,27,,,,
Nuggets,Rockets,14,-4,6,6,17,22,,,,
Nuggets,Timberwolves,3,14,12,12,17,27,,,,
Nuggets,Jazz,-7,-4,-4,-9,17,10,,,,
Nuggets,Pelicans,-5,7,-3,-5,17,19,,,,
Nuggets,Lakers,8,13,-3,-4,17,13,,,,
Nuggets,Suns,12,6,7,8,17,25,,,,
Nuggets,Spurs,-2,-14,-11,-15,17,24,,,,
Nuggets,Thunder,-1,8,-1,-10,17,26,,,,
Nuggets,Cavaliers,-5,-11,-10,-6,17,3,,,,
Nuggets,Trailblazers,1,-7,-13,-7,17,28,,,,
Nuggets,Warriors,-24,-16,-13,-3,17,29,,,,
Nuggets,Trailblazers,-1,-5,0,-6,17,28,,,,
Nuggets,Timberwolves,-4,-2,1,4,17,27,,,,
Nuggets,Grizzlies,1,-12,-1,-7,17,6,,,,
Nuggets,Hornets,10,-3,4,3,17,9,,,,
Nuggets,Warriors,7,1,10,2,17,29,,,,
Nuggets,Heat,11,16,2,-3,17,8,,,,
Nuggets,Pacers,0,-12,-7,3,17,18,,,,
Nuggets,Thunder,6,-4,-5,-6,17,26,,,,
Nuggets,Grizzlies,-14,-7,-2,-1,17,6,,,,
Nuggets,Pistons,-6,-9,10,3,17,20,,,,
Nuggets,Hawks,-1,-16,-14,-14,17,7,,,,
Nuggets,Celtics,-8,-10,-15,-8,17,4,,,,
Nuggets,Wizards,0,6,12,4,17,30,,,,
Nuggets,Pacers,-8,-8,3,-4,17,18,,,,
Nuggets,Raptors,0,11,15,19,17,21,,,,
Nuggets,Jazz,2,6,2,-4,17,10,,,,
Nuggets,Bulls,4,-2,-16,5,17,2,,,,
Nuggets,Knicks,11,11,-2,5,17,12,,,,
Nuggets,Nets,-4,-6,-3,-1,17,16,,,,
Nuggets,Pistons,-2,-1,4,11,17,20,,,,
Nuggets,Kings,-7,-13,-11,-6,17,11,,,,
Nuggets,Celtics,-18,-15,-13,-20,17,4,,,,
Nuggets,Kings,-3,-11,-14,-4,17,11,,,,
Nuggets,Clippers,4,14,9,6,17,5,,,,
Nuggets,Mavericks,8,12,4,-6,17,15,,,,
Nuggets,Grizzlies,-3,-1,0,-7,17,6,,,,
Nuggets,Lakers,-2,-3,1,10,17,13,,,,
Nuggets,Nets,-6,-6,0,-1,17,16,,,,
Nuggets,Mavericks,3,7,-2,2,17,15,,,,
Nuggets,Knicks,6,11,14,16,17,12,,,,
Nuggets,Suns,7,14,8,18,17,25,,,,
Nuggets,Wizards,4,2,-8,16,17,30,,,,
Nuggets,Heat,-3,-2,1,-5,17,8,,,,
Nuggets,Magic,-7,-15,-6,-6,17,14,,,,
Nuggets,Hawks,-10,-6,-11,-18,17,7,,,,
Nuggets,Hornets,6,17,16,8,17,9,,,,
Nuggets,Cavaliers,-15,-8,-15,-33,17,3,,,,
Nuggets,Seventysixers,-11,8,2,1,17,23,,,,
Nuggets,Lakers,-7,12,6,11,17,13,,,,
Nuggets,Clippers,-5,-4,-17,-15,17,5,,,,
Nuggets,Mavericks,-4,-4,-6,-9,17,15,,,,
Nuggets,Grizzlies,6,12,16,4,17,6,,,,
Nuggets,Pelicans,-5,-2,1,-6,17,19,,,,
Nuggets,Kings,4,7,4,-9,17,11,,,,
Nuggets,Thunder,-2,-17,-30,-22,17,26,,,,
Nuggets,Spurs,6,-2,5,4,17,24,,,,
Nuggets,Jazz,-4,-1,-20,-16,17,10,,,,
Nuggets,Trailblazers,4,-2,-8,-8,17,28,,,,
Pacers,Raptors,10,8,-4,-7,18,21,,,,
Pacers,Grizzlies,-9,-1,2,-9,18,6,,,,
Pacers,Jazz,6,7,-9,-21,18,10,,,,
Pacers,Pistons,-6,12,18,12,18,20,,,,
Pacers,Celtics,7,6,1,2,18,4,,,,
Pacers,Heat,-10,0,3,3,18,8,,,,
Pacers,Cavaliers,-2,-5,-1,-4,18,3,,,,
Pacers,Magic,0,1,1,13,18,14,,,,
Pacers,Celtics,8,2,7,11,18,4,,,,
Pacers,Timberwolves,-3,11,17,4,18,27,,,,
Pacers,Bulls,-10,-8,-4,-1,18,2,,,,
Pacers,Seventysixers,5,14,22,27,18,23,,,,
Pacers,Bucks,3,4,23,37,18,1,,,,
Pacers,Wizards,2,1,11,17,18,30,,,,
Pacers,Bulls,12,9,9,12,18,2,,,,
Pacers,Lakers,16,13,15,4,18,13,,,,
Pacers,Clippers,0,-3,3,12,18,5,,,,
Pacers,Trailblazers,3,3,-7,-12,18,28,,,,
Pacers,Jazz,-8,-5,0,-3,18,10,,,,
Pacers,Warriors,-16,-19,-28,-8,18,29,,,,
Pacers,Heat,-1,-1,9,13,18,8,,,,
Pacers,Pistons,1,-10,-23,-22,18,20,,,,
Pacers,Raptors,-1,11,9,16,18,21,,,,
Pacers,Mavericks,1,-2,11,26,18,15,,,,
Pacers,Nets,5,2,-5,7,18,16,,,,
Pacers,Grizzlies,-5,-1,-4,-12,18,6,,,,
Pacers,Spurs,-2,-2,-9,-14,18,24,,,,
Pacers,Kings,-3,-15,-2,-2,18,11,,,,
Pacers,Timberwolves,0,-1,-2,14,18,27,,,,
Pacers,Hawks,-6,12,6,6,18,7,,,,
Pacers,Bulls,0,-10,-4,-2,18,2,,,,
Pacers,Bucks,-9,-7,-12,-4,18,1,,,,
Pacers,Pistons,4,-1,5,12,18,20,,,,
Pacers,Heat,10,3,8,-3,18,8,,,,
Pacers,Magic,2,-1,7,9,18,14,,,,
Pacers,Pelicans,-14,-5,-2,5,18,19,,,,
Pacers,Rockets,-4,2,13,-4,18,22,,,,
Pacers,Suns,6,10,4,19,18,25,,,,
Pacers,Celtics,-4,-8,-2,-9,18,4,,,,
Pacers,Wizards,3,-13,-16,-14,18,30,,,,
Pacers,Nuggets,0,12,7,-3,18,17,,,,
Pacers,Suns,8,9,10,3,18,25,,,,
Pacers,Warriors,-14,-13,-13,-12,18,29,,,,
Pacers,Kings,-6,-5,-11,-11,18,11,,,,
Pacers,Clippers,0,5,-2,-2,18,5,,,,
Pacers,Hawks,3,7,7,19,18,7,,,,
Pacers,Nuggets,8,8,-3,4,18,17,,,,
Pacers,Cavaliers,-7,-11,4,-5,18,3,,,,
Pacers,Nets,3,19,10,14,18,16,,,,
Pacers,Hawks,3,1,-1,-6,18,7,,,,
Pacers,Pistons,12,14,6,8,18,20,,,,
Pacers,Lakers,1,8,5,2,18,13,,,,
Pacers,Hornets,0,-17,-19,-22,18,9,,,,
Pacers,Thunder,0,-7,-9,3,18,26,,,,
Pacers,Magic,-2,0,1,3,18,14,,,,
Pacers,Heat,10,3,-1,-8,18,8,,,,
Pacers,Knicks,2,-2,0,3,18,12,,,,
Pacers,Hornets,-3,-3,-7,-1,18,9,,,,
Pacers,Trailblazers,-12,-11,-10,-9,18,28,,,,
Pacers,Cavaliers,1,-1,-1,-4,18,3,,,,
Pacers,Bucks,0,10,10,5,18,1,,,,
Pacers,Hornets,-1,-5,2,-7,18,9,,,,
Pacers,Wizards,-6,-8,-2,1,18,30,,,,
Pacers,Spurs,12,13,11,8,18,24,,,,
Pacers,Mavericks,3,4,8,7,18,15,,,,
Pacers,Hawks,-13,-14,-33,-29,18,7,,,,
Pacers,Celtics,0,4,1,5,18,4,,,,
Pacers,Raptors,-2,3,-3,-7,18,21,,,,
Pacers,Thunder,1,-10,-1,-4,18,26,,,,
Pacers,Seventysixers,7,11,10,16,18,23,,,,
Pacers,Pelicans,2,10,9,8,18,19,,,,
Pacers,Nets,3,6,8,-10,18,16,,,,
Pacers,Rockets,6,10,2,3,18,22,,,,
Pacers,Bulls,-1,-2,0,-2,18,2,,,,
Pacers,Magic,-5,-6,-10,-20,18,14,,,,
Pacers,Seventysixers,0,12,-3,13,18,23,,,,
Pacers,Knicks,-5,13,9,5,18,12,,,,
Pacers,Cavaliers,3,9,14,14,18,3,,,,
Pacers,Raptors,-5,-4,-16,-13,18,21,,,,
Pacers,Nets,20,28,32,24,18,16,,,,
Pacers,Knicks,-7,-1,9,12,18,12,,,,
Pacers,Bucks,17,16,8,5,18,1,,,,
Pacers,Raptors,-5,-2,3,10,18,21,,,,
Pacers,Raptors,-11,-5,-8,-11,18,21,,,,
Pacers,Raptors,-7,-17,-12,-16,18,21,,,,
Pacers,Raptors,12,15,15,17,18,21,,,,
Pacers,Raptors,15,9,13,-3,18,21,,,,
Pacers,Raptors,-2,-4,7,18,18,21,,,,
Pacers,Raptors,-5,-6,-14,-5,18,21,,,,
Pelicans,Warriors,-4,-10,-19,-16,19,29,,,,
Pelicans,Trailblazers,-25,-27,-20,-18,19,28,,,,
Pelicans,Warriors,-3,1,-14,-14,19,29,,,,
Pelicans,Magic,-11,-14,-9,-9,19,14,,,,
Pelicans,Hawks,2,-11,-10,-6,19,7,,,,
Pelicans,Mavericks,-5,6,-2,-9,19,15,,,,
Pelicans,Mavericks,7,18,19,15,19,15,,,,
Pelicans,Hawks,2,9,-1,-8,19,7,,,,
Pelicans,Raptors,4,0,-11,-19,19,21,,,,
Pelicans,Knicks,4,2,-3,-8,19,12,,,,
Pelicans,Nuggets,-10,2,-8,-17,19,17,,,,
Pelicans,Thunder,6,-8,-6,-7,19,26,,,,
Pelicans,Spurs,2,7,4,14,19,24,,,,
Pelicans,Suns,6,1,7,6,19,25,,,,
Pelicans,Suns,-14,-2,3,6,19,25,,,,
Pelicans,Clippers,-10,-21,-18,-21,19,5,,,,
Pelicans,Jazz,-7,-9,-16,-14,19,10,,,,
Pelicans,Grizzlies,11,1,-6,-9,19,6,,,,
Pelicans,Rockets,12,2,-2,-7,19,22,,,,
Pelicans,Cavaliers,-6,-1,7,6,19,3,,,,
Pelicans,Celtics,0,-9,-14,-18,19,4,,,,
Pelicans,Wizards,2,1,0,2,19,30,,,,
Pelicans,Bulls,8,3,6,-4,19,2,,,,
Pelicans,Trailblazers,5,-2,-9,-4,19,28,,,,
Pelicans,Jazz,3,1,-6,10,19,10,,,,
Pelicans,Suns,-11,-11,-13,-16,19,25,,,,
Pelicans,Nuggets,5,-7,3,5,19,17,,,,
Pelicans,Trailblazers,3,17,15,26,19,28,,,,
Pelicans,Heat,-12,-4,-11,-6,19,8,,,,
Pelicans,Rockets,-8,1,-7,2,19,22,,,,
Pelicans,Magic,-2,-4,-11,-15,19,14,,,,
Pelicans,Clippers,5,-2,-8,-6,19,5,,,,
Pelicans,Mavericks,1,1,8,7,19,15,,,,
Pelicans,Mavericks,2,1,-3,-9,19,15,,,,
Pelicans,Pacers,14,5,2,-5,19,18,,,,
Pelicans,Clippers,5,-7,-8,-3,19,5,,,,
Pelicans,Lakers,7,3,4,-4,19,13,,,,
Pelicans,Kings,9,15,25,12,19,11,,,,
Pelicans,Hornets,-2,8,3,2,19,9,,,,
Pelicans,Grizzlies,2,2,4,-2,19,6,,,,
Pelicans,Timberwolves,-13,-9,7,15,19,27,,,,
Pelicans,Pistons,8,19,13,16,19,20,,,,
Pelicans,Bucks,-1,1,10,17,19,1,,,,
Pelicans,Rockets,-3,2,-1,-1,19,22,,,,
Pelicans,Kings,18,10,13,9,19,11,,,,
Pelicans,Nets,-6,-7,5,2,19,16,,,,
Pelicans,Grizzlies,5,-2,-2,-15,19,6,,,,
Pelicans,Spurs,-3,-8,-4,-13,19,24,,,,
Pelicans,Lakers,2,-11,-10,-3,19,13,,,,
Pelicans,Cavaliers,-8,-11,-4,-15,19,3,,,,
Pelicans,Timberwolves,6,17,25,14,19,27,,,,
Pelicans,Jazz,-2,2,-6,4,19,10,,,,
Pelicans,Thunder,-4,-9,-21,-26,19,26,,,,
Pelicans,Seventysixers,11,16,2,7,19,23,,,,
Pelicans,Pistons,3,0,5,5,19,20,,,,
Pelicans,Wizards,-5,-3,-20,-20,19,30,,,,
Pelicans,Thunder,3,-3,2,4,19,26,,,,
Pelicans,Timberwolves,1,11,10,-2,19,27,,,,
Pelicans,Rockets,3,-1,0,-5,19,22,,,,
Pelicans,Spurs,4,1,0,-8,19,24,,,,
Pelicans,Jazz,-9,-6,-14,-12,19,10,,,,
Pelicans,Kings,2,-13,-6,3,19,11,,,,
Pelicans,Hornets,-11,-11,-9,-9,19,9,,,,
Pelicans,Grizzlies,4,-1,-7,-7,19,6,,,,
Pelicans,Bucks,-5,-3,-6,-11,19,1,,,,
Pelicans,Warriors,-4,-9,-25,-18,19,29,,,,
Pelicans,Kings,2,21,15,15,19,11,,,,
Pelicans,Trailblazers,-6,-14,-12,-5,19,28,,,,
Pelicans,Clippers,-3,-2,6,4,19,5,,,,
Pelicans,Heat,-14,-19,-13,-14,19,8,,,,
Pelicans,Pacers,-2,-10,-9,-8,19,18,,,,
Pelicans,Raptors,-5,-12,-24,-24,19,21,,,,
Pelicans,Knicks,-4,-5,4,8,19,12,,,,
Pelicans,Spurs,-1,-7,-18,-8,19,24,,,,
Pelicans,Nuggets,5,2,-1,6,19,17,,,,
Pelicans,Nets,4,11,9,19,19,16,,,,
Pelicans,Seventysixers,8,-6,-15,-14,19,23,,,,
Pelicans,Celtics,-6,-8,-3,-7,19,4,,,,
Pelicans,Lakers,-3,11,20,8,19,13,,,,
Pelicans,Suns,-10,-8,-18,-21,19,25,,,,
Pelicans,Bulls,2,9,-1,-5,19,2,,,,
Pelicans,Timberwolves,-17,-22,-27,-35,19,27,,,,
Pistons,Hawks,0,5,16,12,20,7,,,,
Pistons,Jazz,1,-3,5,5,20,10,,,,
Pistons,Bulls,4,-4,0,4,20,2,,,,
Pistons,Pacers,6,-12,-18,-12,20,18,,,,
Pistons,Suns,7,2,4,8,20,25,,,,
Pistons,Trailblazers,-9,-10,-13,17,20,28,,,,
Pistons,Warriors,-12,-9,-4,-14,20,29,,,,
Pistons,Kings,-13,-12,-16,-9,20,11,,,,
Pistons,Clippers,3,9,-1,-5,20,5,,,,
Pistons,Lakers,-3,-4,0,-12,20,13,,,,
Pistons,Cavaliers,4,-1,-6,5,20,3,,,,
Pistons,Timberwolves,-4,-6,3,10,20,27,,,,
Pistons,Wizards,-6,0,-2,-2,20,30,,,,
Pistons,Bucks,1,-10,-26,-21,20,1,,,,
Pistons,Heat,6,17,21,23,20,8,,,,
Pistons,Thunder,2,7,-5,-16,20,26,,,,
Pistons,Nets,4,6,8,-4,20,16,,,,
Pistons,Rockets,8,23,11,11,20,22,,,,
Pistons,Suns,5,0,-9,5,20,25,,,,
Pistons,Bucks,1,11,8,7,20,1,,,,
Pistons,Lakers,13,23,25,20,20,13,,,,
Pistons,Hornets,-8,-11,-18,-20,20,9,,,,
Pistons,Grizzlies,-7,4,7,-1,20,6,,,,
Pistons,Seventysixers,21,12,23,12,20,23,,,,
Pistons,Pacers,-1,10,23,22,20,18,,,,
Pistons,Clippers,0,-9,-10,-2,20,5,,,,
Pistons,Celtics,-7,3,2,3,20,4,,,,
Pistons,Bulls,3,3,-3,3,20,2,,,,
Pistons,Heat,-16,2,-3,1,20,8,,,,
Pistons,Hawks,-1,-16,-15,-7,20,7,,,,
Pistons,Celtics,-1,-5,-15,-6,20,4,,,,
Pistons,Knicks,1,-1,-7,-12,20,12,,,,
Pistons,Timberwolves,-7,8,8,25,20,27,,,,
Pistons,Pacers,-4,1,-5,-12,20,18,,,,
Pistons,Magic,8,10,14,26,20,14,,,,
Pistons,Celtics,-9,-7,-9,5,20,4,,,,
Pistons,Nets,10,10,6,14,20,16,,,,
Pistons,Spurs,1,-9,-15,-10,20,24,,,,
Pistons,Grizzlies,3,-5,-8,-2,20,6,,,,
Pistons,Warriors,-3,16,11,18,20,29,,,,
Pistons,Bulls,6,-3,-4,-10,20,2,,,,
Pistons,Rockets,10,9,6,9,20,22,,,,
Pistons,Pelicans,-8,-19,-13,-16,20,19,,,,
Pistons,Nuggets,6,9,-10,-3,20,17,,,,
Pistons,Jazz,9,12,10,3,20,10,,,,
Pistons,Seventysixers,-8,-1,-5,13,20,23,,,,
Pistons,Cavaliers,-6,-8,-18,-8,20,3,,,,
Pistons,Raptors,-9,-8,-9,-4,20,21,,,,
Pistons,Nets,2,-3,3,5,20,16,,,,
Pistons,Celtics,-11,-20,-18,-7,20,4,,,,
Pistons,Knicks,12,24,7,6,20,12,,,,
Pistons,Pacers,-12,-14,-6,-8,20,18,,,,
Pistons,Raptors,5,-6,-5,-14,20,21,,,,
Pistons,Nuggets,2,1,-4,-11,20,17,,,,
Pistons,Wizards,-14,-15,-22,-12,20,30,,,,
Pistons,Pelicans,-3,0,-5,-5,20,19,,,,
Pistons,Cavaliers,5,7,7,8,20,3,,,,
Pistons,Seventysixers,13,23,24,20,20,23,,,,
Pistons,Bucks,10,10,7,11,20,1,,,,
Pistons,Raptors,-2,0,17,13,20,21,,,,
Pistons,Spurs,-2,-1,-14,-16,20,24,,,,
Pistons,Knicks,-1,-15,-9,-13,20,12,,,,
Pistons,Trailblazers,14,7,10,20,20,28,,,,
Pistons,Mavericks,-2,2,2,6,20,15,,,,
Pistons,Hornets,-6,-16,-7,-15,20,9,,,,
Pistons,Seventysixers,-5,-5,3,14,20,23,,,,
Pistons,Wizards,-19,-21,-30,-43,20,30,,,,
Pistons,Hawks,2,1,1,-4,20,7,,,,
Pistons,Kings,14,13,4,7,20,11,,,,
Pistons,Nets,6,2,0,12,20,16,,,,
Pistons,Bucks,-13,-3,-9,1,20,1,,,,
Pistons,Magic,11,9,9,16,20,14,,,,
Pistons,Hornets,12,16,22,7,20,9,,,,
Pistons,Hawks,-12,-14,-9,-17,20,7,,,,
Pistons,Thunder,4,-2,14,6,20,26,,,,
Pistons,Mavericks,0,-15,-10,-9,20,15,,,,
Pistons,Bulls,-1,1,5,4,20,2,,,,
Pistons,Heat,-6,-18,-19,-18,20,8,,,,
Pistons,Magic,4,-7,-4,4,20,14,,,,
Pistons,Wizards,14,7,2,13,20,30,,,,
Pistons,Heat,-2,0,-2,-6,20,8,,,,
Pistons,Cavaliers,5,14,10,2,20,3,,,,
Pistons,Cavaliers,-2,5,2,-5,20,3,,,,
Pistons,Cavaliers,5,-2,-14,-17,20,3,,,,
Pistons,Cavaliers,3,-1,-6,-10,20,3,,,,
Pistons,Cavaliers,3,-1,-3,-2,20,3,,,,
Raptors,Pacers,-10,-8,4,7,21,18,,,,
Raptors,Celtics,0,0,9,10,21,4,,,,
Raptors,Bucks,5,14,10,19,21,1,,,,
Raptors,Mavericks,6,-2,1,11,21,15,,,,
Raptors,Thunder,-10,1,-8,5,21,26,,,,
Raptors,Magic,-6,-9,5,-5,21,14,,,,
Raptors,Heat,2,3,-11,-20,21,8,,,,
Raptors,Knicks,-7,-8,0,-2,21,12,,,,
Raptors,Seventysixers,-5,6,19,16,21,23,,,,
Raptors,Pelicans,-4,0,11,19,21,19,,,,
Raptors,Kings,1,-2,3,-6,21,11,,,,
Raptors,Warriors,-4,-16,-7,-5,21,29,,,,
Raptors,Jazz,-5,3,5,-4,21,10,,,,
Raptors,Lakers,6,-1,8,11,21,13,,,,
Raptors,Clippers,10,29,16,11,21,5,,,,
Raptors,Cavaliers,0,0,2,4,21,3,,,,
Raptors,Wizards,-7,-6,-6,2,21,30,,,,
Raptors,Suns,-3,-4,-9,-5,21,25,,,,
Raptors,Hawks,-2,-14,-9,10,21,7,,,,
Raptors,Nuggets,-10,-14,-10,-1,21,17,,,,
Raptors,Warriors,-11,-10,-4,-3,21,29,,,,
Raptors,Lakers,3,10,0,9,21,13,,,,
Raptors,Spurs,6,7,11,3,21,24,,,,
Raptors,Bucks,7,18,10,7,21,1,,,,
Raptors,Seventysixers,8,8,11,20,21,23,,,,
Raptors,Pacers,1,-11,-9,-16,21,18,,,,
Raptors,Hornets,-5,-12,-12,-10,21,9,,,,
Raptors,Heat,2,-5,4,14,21,8,,,,
Raptors,Kings,-19,-7,-8,-10,21,11,,,,
Raptors,Mavericks,16,13,5,4,21,15,,,,
Raptors,Bucks,5,4,-3,21,21,1,,,,
Raptors,Bulls,9,3,-5,-7,21,2,,,,
Raptors,Wizards,1,11,12,3,21,30,,,,
Raptors,Hornets,1,0,-8,10,21,9,,,,
Raptors,Bulls,0,12,6,-2,21,2,,,,
Raptors,Cavaliers,-4,-2,-12,-22,21,3,,,,
Raptors,Nets,7,9,14,17,21,16,,,,
Raptors,Wizards,-8,0,12,9,21,30,,,,
Raptors,Seventysixers,-1,13,6,13,21,23,,,,
Raptors,Magic,13,7,4,3,21,14,,,,
Raptors,Nets,-10,3,-3,12,21,16,,,,
Raptors,Celtics,8,-6,6,6,21,4,,,,
Raptors,Heat,11,16,13,20,21,8,,,,
Raptors,Clippers,-7,13,12,18,21,5,,,,
Raptors,Wizards,6,3,7,17,21,30,,,,
Raptors,Knicks,6,10,10,10,21,12,,,,
Raptors,Pistons,9,8,9,4,21,20,,,,
Raptors,Nuggets,0,-11,-15,-19,21,17,,,,
Raptors,Suns,-4,7,7,7,21,25,,,,
Raptors,Trailblazers,12,8,7,7,21,28,,,,
Raptors,Pistons,-5,6,5,14,21,20,,,,
Raptors,Timberwolves,6,13,1,-5,21,27,,,,
Raptors,Bulls,11,6,-8,-10,21,2,,,,
Raptors,Grizzlies,2,3,10,13,21,6,,,,
Raptors,Knicks,-2,14,18,27,21,12,,,,
Raptors,Timberwolves,9,3,1,9,21,27,,,,
Raptors,Cavaliers,-10,-4,-9,2,21,3,,,,
Raptors,Pistons,2,0,-17,-13,21,20,,,,
Raptors,Jazz,-2,3,11,10,21,10,,,,
Raptors,Trailblazers,1,6,13,2,21,28,,,,
Raptors,Rockets,4,10,8,-6,21,22,,,,
Raptors,Nets,5,-16,-2,5,21,16,,,,
Raptors,Hawks,-1,4,7,8,21,7,,,,
Raptors,Heat,4,7,-1,8,21,8,,,,
Raptors,Bulls,-5,-6,-7,-2,21,2,,,,
Raptors,Bucks,-6,3,15,18,21,1,,,,
Raptors,Pacers,2,-3,3,7,21,18,,,,
Raptors,Celtics,16,14,5,14,21,4,,,,
Raptors,Magic,5,-2,-2,5,21,14,,,,
Raptors,Celtics,0,0,-7,-12,21,4,,,,
Raptors,Rockets,-8,4,-1,-3,21,22,,,,
Raptors,Pelicans,5,12,24,24,21,19,,,,
Raptors,Thunder,-6,-13,-23,-19,21,26,,,,
Raptors,Hawks,5,13,22,8,21,7,,,,
Raptors,Grizzlies,4,-8,2,4,21,6,,,,
Raptors,Spurs,-8,-9,-5,-7,21,24,,,,
Raptors,Hornets,10,14,16,6,21,9,,,,
Raptors,Hawks,-8,-4,-7,-8,21,7,,,,
Raptors,Pacers,5,4,16,13,21,18,,,,
Raptors,Knicks,-5,3,6,4,21,12,,,,
Raptors,Seventysixers,9,-6,13,24,21,23,,,,
Raptors,Nets,-10,2,12,7,21,16,,,,
Raptors,Pacers,5,2,-3,-10,21,18,,,,
Raptors,Pacers,11,5,8,11,21,18,,,,
Raptors,Pacers,7,17,12,16,21,18,,,,
Raptors,Pacers,-12,-15,-15,-17,21,18,,,,
Raptors,Pacers,-15,-9,-13,3,21,18,,,,
Raptors,Pacers,2,4,-7,-18,21,18,,,,
Raptors,Pacers,5,6,14,5,21,18,,,,
Raptors,Heat,0,2,-5,-6,21,8,,,,
Raptors,Heat,10,7,-2,4,21,8,,,,
Raptors,Heat,4,9,0,4,21,8,,,,
Raptors,Heat,-4,-9,2,-7,21,8,,,,
Raptors,Heat,10,10,13,8,21,8,,,,
Raptors,Heat,-1,-9,-10,-12,21,8,,,,
Raptors,Heat,1,6,8,27,21,8,,,,
Raptors,Cavaliers,-5,-22,-28,-31,21,3,,,,
Raptors,Cavaliers,-2,-14,-17,-19,21,3,,,,
Raptors,Cavaliers,3,13,10,15,21,3,,,,
Raptors,Cavaliers,3,16,9,6,21,3,,,,
Raptors,Cavaliers,-18,-31,-40,-38,21,3,,,,
Raptors,Cavaliers,-6,-14,-12,-26,21,3,,,,
Rockets,Nuggets,-6,-4,-13,-20,22,17,,,,
Rockets,Warriors,-1,-13,-16,-20,22,29,,,,
Rockets,Heat,5,19,0,-20,22,8,,,,
Rockets,Thunder,-5,-11,3,5,22,26,,,,
Rockets,Magic,-1,9,2,5,22,14,,,,
Rockets,Kings,6,11,7,6,22,11,,,,
Rockets,Clippers,0,-2,5,4,22,5,,,,
Rockets,Nets,6,-6,4,-8,22,16,,,,
Rockets,Nuggets,-7,-8,-8,-9,22,17,,,,
Rockets,Mavericks,-12,-23,-15,-12,22,15,,,,
Rockets,Celtics,4,0,-19,-16,22,4,,,,
Rockets,Trailblazers,1,-11,-15,5,22,28,,,,
Rockets,Grizzlies,-4,-14,-9,-12,22,6,,,,
Rockets,Knicks,2,-5,-2,-5,22,12,,,,
Rockets,Grizzlies,-4,-3,-5,-9,22,6,,,,
Rockets,Seventysixers,11,7,11,2,22,23,,,,
Rockets,Knicks,-4,-13,-8,5,22,12,,,,
Rockets,Pistons,-8,-23,-11,-11,22,20,,,,
Rockets,Pelicans,-12,-2,2,7,22,19,,,,
Rockets,Mavericks,-2,4,0,4,22,15,,,,
Rockets,Kings,13,2,-1,7,22,11,,,,
Rockets,Nets,-7,-11,-8,-5,22,16,,,,
Rockets,Wizards,13,9,-1,6,22,30,,,,
Rockets,Lakers,7,17,15,29,22,13,,,,
Rockets,Nuggets,-14,4,-6,-6,22,17,,,,
Rockets,Kings,0,-7,-8,-10,22,11,,,,
Rockets,Lakers,11,13,10,20,22,13,,,,
Rockets,Clippers,21,11,12,10,22,5,,,,
Rockets,Hornets,-1,1,9,7,22,9,,,,
Rockets,Magic,6,-6,-13,-3,22,14,,,,
Rockets,Spurs,3,-5,1,4,22,24,,,,
Rockets,Pelicans,8,-1,7,-2,22,19,,,,
Rockets,Hawks,16,15,7,-6,22,7,,,,
Rockets,Warriors,-3,-2,-8,-4,22,29,,,,
Rockets,Spurs,-2,-5,-24,-18,22,24,,,,
Rockets,Jazz,7,-10,-8,2,22,10,,,,
Rockets,Jazz,-3,-5,6,9,22,10,,,,
Rockets,Pacers,4,-2,-13,4,22,18,,,,
Rockets,Grizzlies,-2,7,3,16,22,6,,,,
Rockets,Timberwolves,-1,7,4,3,22,27,,,,
Rockets,Cavaliers,-2,-11,-17,-14,22,3,,,,
Rockets,Lakers,-4,3,19,17,22,13,,,,
Rockets,Clippers,-12,-7,-14,-8,22,5,,,,
Rockets,Pistons,-10,-9,-6,-9,22,20,,,,
Rockets,Bucks,3,12,13,4,22,1,,,,
Rockets,Mavericks,7,-8,-1,11,22,15,,,,
Rockets,Pelicans,3,-2,1,1,22,19,,,,
Rockets,Spurs,-6,-20,-29,-31,22,24,,,,
Rockets,Thunder,7,3,-6,-8,22,26,,,,
Rockets,Wizards,4,3,-2,-1,22,30,,,,
Rockets,Heat,0,5,7,13,22,8,,,,
Rockets,Suns,-9,-3,8,6,22,25,,,,
Rockets,Trailblazers,-6,-19,-21,-17,22,28,,,,
Rockets,Warriors,-15,-3,0,-13,22,29,,,,
Rockets,Trailblazers,0,-11,-11,-13,22,28,,,,
Rockets,Suns,-3,11,16,16,22,25,,,,
Rockets,Jazz,-11,-5,4,-3,22,10,,,,
Rockets,Trailblazers,-6,-15,-7,14,22,28,,,,
Rockets,Spurs,-15,-20,-19,-10,22,24,,,,
Rockets,Bucks,-6,-1,0,-7,22,1,,,,
Rockets,Pelicans,-3,1,0,5,22,19,,,,
Rockets,Bulls,-6,-12,-8,-8,22,2,,,,
Rockets,Raptors,-4,-10,-8,6,22,21,,,,
Rockets,Seventysixers,-6,9,14,14,22,23,,,,
Rockets,Celtics,-4,3,4,4,22,4,,,,
Rockets,Hornets,-15,-5,-3,-16,22,9,,,,
Rockets,Grizzlies,12,24,41,49,22,6,,,,
Rockets,Clippers,-9,-22,-22,-16,22,5,,,,
Rockets,Timberwolves,8,2,10,5,22,27,,,,
Rockets,Hawks,-14,6,1,-12,22,7,,,,
Rockets,Thunder,-1,1,-1,-4,22,26,,,,
Rockets,Jazz,4,15,6,-2,22,10,,,,
Rockets,Raptors,8,-4,1,3,22,21,,,,
Rockets,Pacers,-6,-10,-2,-3,22,18,,,,
Rockets,Cavaliers,2,-19,-13,6,22,3,,,,
Rockets,Bulls,0,0,9,-3,22,2,,,,
Rockets,Thunder,5,-1,-2,8,22,26,,,,
Rockets,Mavericks,4,-8,1,-2,22,15,,,,
Rockets,Suns,12,3,1,-9,22,25,,,,
Rockets,Lakers,2,2,8,20,22,13,,,,
Rockets,Timberwolves,17,21,29,24,22,27,,,,
Rockets,Kings,16,20,28,35,22,11,,,,
Rockets,Warriors,-18,-27,-22,-26,22,29,,,,
Rockets,Warriors,-3,-8,-7,-9,22,29,,,,
Rockets,Warriors,13,7,6,1,22,29,,,,
Rockets,Warriors,0,0,-21,-27,22,29,,,,
Rockets,Warriors,-17,-22,-30,-33,22,29,,,,
Seventysixers,Celtics,5,-11,-12,-17,23,4,,,,
Seventysixers,Jazz,-9,-17,-21,-28,23,10,,,,
Seventysixers,Cavaliers,14,5,-10,-7,23,3,,,,
Seventysixers,Bucks,-8,-2,-1,-4,23,1,,,,
Seventysixers,Cavaliers,-3,1,-8,-6,23,3,,,,
Seventysixers,Magic,-8,-7,-8,-8,23,14,,,,
Seventysixers,Bulls,-9,-9,-14,-23,23,2,,,,
Seventysixers,Raptors,5,-6,-19,-16,23,21,,,,
Seventysixers,Thunder,6,-5,-10,-17,23,26,,,,
Seventysixers,Spurs,-8,-4,-16,-9,23,24,,,,
Seventysixers,Mavericks,-13,-5,-3,-6,23,15,,,,
Seventysixers,Pacers,-5,-14,-22,-27,23,18,,,,
Seventysixers,Hornets,-11,-21,-15,-25,23,9,,,,
Seventysixers,Heat,12,15,7,-5,23,8,,,,
Seventysixers,Timberwolves,7,6,-1,-5,23,27,,,,
Seventysixers,Celtics,-2,7,5,-4,23,4,,,,
Seventysixers,Rockets,-11,-7,-11,-2,23,22,,,,
Seventysixers,Grizzlies,-8,-6,3,-8,23,6,,,,
Seventysixers,Lakers,-7,-8,5,12,23,13,,,,
Seventysixers,Knicks,-6,-15,-23,-12,23,12,,,,
Seventysixers,Nuggets,-4,7,8,-3,23,17,,,,
Seventysixers,Spurs,-16,-36,-44,-51,23,24,,,,
Seventysixers,Nets,-11,-8,4,-9,23,16,,,,
Seventysixers,Pistons,-21,-12,-23,-12,23,20,,,,
Seventysixers,Raptors,-8,-8,-11,-20,23,21,,,,
Seventysixers,Bulls,-5,5,-17,-19,23,2,,,,
Seventysixers,Hawks,-9,-11,-26,-21,23,7,,,,
Seventysixers,Knicks,-7,-21,-21,-10,23,12,,,,
Seventysixers,Cavaliers,4,-17,-28,-22,23,3,,,,
Seventysixers,Grizzlies,-8,-6,-11,-14,23,6,,,,
Seventysixers,Bucks,-17,-19,-22,-13,23,1,,,,
Seventysixers,Suns,14,6,10,7,23,25,,,,
Seventysixers,Jazz,-14,-13,0,-4,23,10,,,,
Seventysixers,Kings,-1,0,4,5,23,11,,,,
Seventysixers,Lakers,0,1,-2,-9,23,13,,,,
Seventysixers,Clippers,-2,-17,-29,-31,23,5,,,,
Seventysixers,Timberwolves,4,-3,1,10,23,27,,,,
Seventysixers,Hawks,-1,-17,-21,-28,23,7,,,,
Seventysixers,Raptors,1,-13,-6,-13,23,21,,,,
Seventysixers,Cavaliers,-6,-1,-6,-10,23,3,,,,
Seventysixers,Bulls,12,16,2,-4,23,2,,,,
Seventysixers,Trailblazers,12,25,28,25,23,28,,,,
Seventysixers,Knicks,0,-5,-13,-6,23,12,,,,
Seventysixers,Magic,2,1,10,9,23,14,,,,
Seventysixers,Celtics,-5,-15,-25,-20,23,4,,,,
Seventysixers,Suns,7,9,13,10,23,25,,,,
Seventysixers,Pistons,8,1,5,-13,23,20,,,,
Seventysixers,Warriors,-6,-19,-19,-3,23,29,,,,
Seventysixers,Hawks,-10,-16,-26,-38,23,7,,,,
Seventysixers,Wizards,-20,-13,-10,-12,23,30,,,,
Seventysixers,Nets,12,2,5,5,23,16,,,,
Seventysixers,Clippers,3,10,8,-6,23,5,,,,
Seventysixers,Kings,6,15,12,-4,23,11,,,,
Seventysixers,Pelicans,-11,-16,-2,-7,23,19,,,,
Seventysixers,Mavericks,2,-12,-15,-26,23,15,,,,
Seventysixers,Magic,-2,-5,-4,-9,23,14,,,,
Seventysixers,Pistons,-13,-23,-24,-20,23,20,,,,
Seventysixers,Wizards,5,4,-4,-9,23,30,,,,
Seventysixers,Magic,-14,-26,-15,-14,23,14,,,,
Seventysixers,Wizards,-4,-12,3,-8,23,30,,,,
Seventysixers,Hornets,-3,-8,-9,-20,23,9,,,,
Seventysixers,Heat,-11,-10,-7,-10,23,8,,,,
Seventysixers,Heat,-5,2,0,-5,23,8,,,,
Seventysixers,Rockets,6,-9,-14,-14,23,22,,,,
Seventysixers,Nets,6,8,5,6,23,16,,,,
Seventysixers,Pistons,5,5,-3,-14,23,20,,,,
Seventysixers,Nets,-17,-20,-17,-17,23,16,,,,
Seventysixers,Wizards,-8,-19,-12,-5,23,30,,,,
Seventysixers,Thunder,-4,-6,-17,-14,23,26,,,,
Seventysixers,Celtics,-12,-11,-9,-15,23,4,,,,
Seventysixers,Pacers,-7,-11,-10,-16,23,18,,,,
Seventysixers,Nuggets,11,-8,-2,-1,23,17,,,,
Seventysixers,Trailblazers,-4,-8,-12,-3,23,28,,,,
Seventysixers,Warriors,-1,-16,-17,-12,23,29,,,,
Seventysixers,Hornets,-4,-16,-15,-15,23,9,,,,
Seventysixers,Hornets,0,-9,-15,-9,23,9,,,,
Seventysixers,Pacers,0,-12,3,-13,23,18,,,,
Seventysixers,Pelicans,-8,6,15,14,23,19,,,,
Seventysixers,Knicks,-4,-3,-8,-7,23,12,,,,
Seventysixers,Bucks,-6,-17,-6,-1,23,1,,,,
Seventysixers,Raptors,-9,6,-13,-24,23,21,,,,
Seventysixers,Bulls,16,9,-13,-10,23,2,,,,
Spurs,Thunder,-2,5,4,-6,24,26,,,,
Spurs,Nets,4,-5,12,27,24,16,,,,
Spurs,Celtics,10,13,10,8,24,4,,,,
Spurs,Knicks,-3,12,5,10,24,12,,,,
Spurs,Wizards,1,4,7,-3,24,30,,,,
Spurs,Hornets,8,4,17,20,24,9,,,,
Spurs,Kings,-1,6,3,18,24,11,,,,
Spurs,Trailblazers,4,12,6,12,24,28,,,,
Spurs,Seventysixers,8,4,16,9,24,23,,,,
Spurs,Trailblazers,4,8,5,13,24,28,,,,
Spurs,Nuggets,7,7,14,11,24,17,,,,
Spurs,Pelicans,-2,-7,-4,-14,24,19,,,,
Spurs,Grizzlies,5,14,13,10,24,6,,,,
Spurs,Suns,3,10,7,14,24,25,,,,
Spurs,Mavericks,6,7,3,5,24,15,,,,
Spurs,Nuggets,0,4,11,11,24,17,,,,
Spurs,Hawks,-2,17,21,20,24,7,,,,
Spurs,Bulls,6,-1,3,-3,24,2,,,,
Spurs,Bucks,7,10,21,25,24,1,,,,
Spurs,Grizzlies,-1,9,17,20,24,6,,,,
Spurs,Celtics,2,9,15,3,24,4,,,,
Spurs,Seventysixers,16,36,44,51,24,23,,,,
Spurs,Raptors,-6,-7,-11,-3,24,21,,,,
Spurs,Lakers,4,2,8,22,24,13,,,,
Spurs,Hawks,9,22,24,25,24,7,,,,
Spurs,Jazz,14,23,40,37,24,10,,,,
Spurs,Wizards,-5,3,15,19,24,30,,,,
Spurs,Clippers,-4,0,-3,8,24,5,,,,
Spurs,Pacers,2,2,9,14,24,18,,,,
Spurs,Timberwolves,12,14,16,25,24,27,,,,
Spurs,Rockets,-3,5,-1,-4,24,22,,,,
Spurs,Nuggets,2,14,11,15,24,17,,,,
Spurs,Timberwolves,-1,-2,4,6,24,27,,,,
Spurs,Suns,20,28,28,33,24,25,,,,
Spurs,Rockets,2,5,24,18,24,22,,,,
Spurs,Bucks,-1,11,15,25,24,1,,,,
Spurs,Jazz,10,17,21,25,24,10,,,,
Spurs,Knicks,-4,3,5,1,24,12,,,,
Spurs,Nets,2,7,21,27,24,16,,,,
Spurs,Pistons,-1,9,15,10,24,20,,,,
Spurs,Cavaliers,-12,-6,-1,4,24,3,,,,
Spurs,Mavericks,-2,10,22,29,24,15,,,,
Spurs,Suns,7,12,10,28,24,25,,,,
Spurs,Lakers,9,13,16,13,24,13,,,,
Spurs,Warriors,-6,-15,-29,-30,24,29,,,,
Spurs,Rockets,6,20,29,31,24,22,,,,
Spurs,Cavaliers,-7,-17,-16,-14,24,3,,,,
Spurs,Magic,11,8,5,15,24,14,,,,
Spurs,Pelicans,3,8,4,13,24,19,,,,
Spurs,Mavericks,15,36,28,26,24,15,,,,
Spurs,Lakers,9,3,-2,4,24,13,,,,
Spurs,Heat,-4,7,10,18,24,8,,,,
Spurs,Magic,6,-1,-12,2,24,14,,,,
Spurs,Clippers,-6,-8,-9,-19,24,5,,,,
Spurs,Lakers,3,11,10,6,24,13,,,,
Spurs,Suns,9,10,6,7,24,25,,,,
Spurs,Kings,1,11,6,16,24,11,,,,
Spurs,Jazz,-5,4,8,18,24,10,,,,
Spurs,Rockets,15,20,19,10,24,22,,,,
Spurs,Pistons,2,1,14,16,24,20,,,,
Spurs,Pelicans,-4,-1,0,8,24,19,,,,
Spurs,Kings,7,3,19,10,24,11,,,,
Spurs,Pacers,-12,-13,-11,-8,24,18,,,,
Spurs,Timberwolves,3,12,25,25,24,27,,,,
Spurs,Bulls,0,7,10,8,24,2,,,,
Spurs,Thunder,3,-4,-2,8,24,26,,,,
Spurs,Clippers,-2,4,1,21,24,5,,,,
Spurs,Trailblazers,-5,2,17,8,24,28,,,,
Spurs,Warriors,-1,6,0,8,24,29,,,,
Spurs,Hornets,21,15,5,-3,24,9,,,,
Spurs,Heat,5,9,25,24,24,8,,,,
Spurs,Grizzlies,14,13,4,6,24,6,,,,
Spurs,Thunder,2,-4,-20,-19,24,26,,,,
Spurs,Grizzlies,14,8,13,14,24,6,,,,
Spurs,Pelicans,1,7,18,8,24,19,,,,
Spurs,Raptors,8,9,5,7,24,21,,,,
Spurs,Jazz,5,5,14,2,24,10,,,,
Spurs,Warriors,-5,-12,-18,-11,24,29,,,,
Spurs,Nuggets,-6,2,-5,-4,24,17,,,,
Spurs,Warriors,5,0,-1,-6,24,29,,,,
Spurs,Thunder,-11,-10,2,4,24,26,,,,
Spurs,Mavericks,-7,-18,-2,5,24,15,,,,
Spurs,Grizzlies,9,11,30,32,24,6,,,,
Spurs,Grizzlies,11,14,17,26,24,6,,,,
Spurs,Grizzlies,8,1,-1,9,24,6,,,,
Spurs,Grizzlies,6,2,18,21,24,6,,,,
Spurs,Thunder,23,33,39,32,24,26,,,,
Spurs,Thunder,-8,-3,-1,-1,24,26,,,,
Spurs,Thunder,7,5,3,4,24,26,,,,
Spurs,Thunder,10,8,4,-14,24,26,,,,
Spurs,Thunder,-6,5,3,-4,24,26,,,,
Spurs,Thunder,-6,-24,-26,-14,24,26,,,,
Suns,Mavericks,-2,-9,-22,-16,25,15,,,,
Suns,Trailblazers,4,6,14,18,25,28,,,,
Suns,Trailblazers,4,8,3,11,25,28,,,,
Suns,Clippers,1,-9,-3,-6,25,5,,,,
Suns,Kings,10,9,12,21,25,11,,,,
Suns,Pistons,-7,-2,-4,-8,25,20,,,,
Suns,Thunder,0,-6,-12,-21,25,26,,,,
Suns,Clippers,5,9,20,14,25,5,,,,
Suns,Nuggets,14,32,34,24,25,17,,,,
Suns,Lakers,4,4,5,19,25,13,,,,
Suns,Bulls,-13,-6,-2,-6,25,2,,,,
Suns,Nuggets,-12,-14,-4,7,25,17,,,,
Suns,Pelicans,-6,-1,-7,-6,25,19,,,,
Suns,Spurs,-3,-10,-7,-14,25,24,,,,
Suns,Pelicans,14,2,-3,-6,25,19,,,,
Suns,Warriors,-17,-18,-22,-19,25,29,,,,
Suns,Raptors,3,4,9,5,25,21,,,,
Suns,Nets,-5,-9,3,-3,25,16,,,,
Suns,Pistons,-5,0,9,-5,25,20,,,,
Suns,Wizards,9,9,7,-3,25,30,,,,
Suns,Grizzlies,-4,-2,1,-2,25,6,,,,
Suns,Bulls,-3,0,-16,2,25,2,,,,
Suns,Magic,-3,2,11,3,25,14,,,,
Suns,Trailblazers,-7,4,4,-10,25,28,,,,
Suns,Timberwolves,-2,6,19,7,25,27,,,,
Suns,Mavericks,-4,-3,-19,-10,25,15,,,,
Suns,Warriors,2,-13,-40,-25,25,29,,,,
Suns,Pelicans,11,11,13,16,25,19,,,,
Suns,Bucks,-1,8,1,-6,25,1,,,,
Suns,Jazz,-12,-11,-18,-21,25,10,,,,
Suns,Nuggets,-12,-6,-7,-8,25,17,,,,
Suns,Seventysixers,-14,-6,-10,-7,25,23,,,,
Suns,Cavaliers,-4,-6,-8,-4,25,3,,,,
Suns,Spurs,-20,-28,-28,-33,25,24,,,,
Suns,Thunder,-2,-1,-7,-4,25,26,,,,
Suns,Kings,-13,-6,-16,-23,25,11,,,,
Suns,Lakers,-15,-21,-30,-20,25,13,,,,
Suns,Hornets,2,8,1,9,25,9,,,,
Suns,Heat,-1,-13,-4,-8,25,8,,,,
Suns,Pacers,-6,-10,-4,-19,25,18,,,,
Suns,Celtics,-7,-21,-18,-14,25,4,,,,
Suns,Timberwolves,-1,-10,-14,-30,25,27,,,,
Suns,Pacers,-8,-9,-10,-3,25,18,,,,
Suns,Spurs,-7,-12,-10,-28,25,24,,,,
Suns,Hawks,6,9,10,3,25,7,,,,
Suns,Seventysixers,-7,-9,-13,-10,25,23,,,,
Suns,Cavaliers,3,-5,-16,-22,25,3,,,,
Suns,Knicks,-10,-18,-24,-18,25,12,,,,
Suns,Mavericks,2,-6,1,-13,25,15,,,,
Suns,Raptors,4,-7,-7,-7,25,21,,,,
Suns,Rockets,9,3,-8,-6,25,22,,,,
Suns,Jazz,-19,-18,-13,-9,25,10,,,,
Suns,Thunder,-9,0,-4,-16,25,26,,,,
Suns,Warriors,-1,-14,-16,-8,25,29,,,,
Suns,Rockets,3,-11,-16,-16,25,22,,,,
Suns,Spurs,-9,-10,-6,-7,25,24,,,,
Suns,Clippers,-19,-17,-29,-40,25,5,,,,
Suns,Nets,-5,-21,-19,-10,25,16,,,,
Suns,Grizzlies,7,8,10,5,25,6,,,,
Suns,Hornets,-17,-26,-37,-34,25,9,,,,
Suns,Heat,-8,-14,-16,-16,25,8,,,,
Suns,Magic,0,8,18,18,25,14,,,,
Suns,Grizzlies,0,-6,11,9,25,6,,,,
Suns,Knicks,-10,-20,-13,-31,25,12,,,,
Suns,Nuggets,-7,-14,-8,-18,25,17,,,,
Suns,Warriors,-7,-4,9,-7,25,29,,,,
Suns,Timberwolves,2,-10,-2,3,25,27,,,,
Suns,Jazz,-3,-8,-17,-34,25,10,,,,
Suns,Lakers,4,15,14,5,25,13,,,,
Suns,Grizzlies,-3,11,3,-6,25,6,,,,
Suns,Lakers,-6,0,9,12,25,13,,,,
Suns,Kings,2,-10,-22,-22,25,11,,,,
Suns,Celtics,-13,-17,-6,-3,25,4,,,,
Suns,Timberwolves,-3,-5,-15,-5,25,27,,,,
Suns,Bucks,4,-6,-5,-11,25,1,,,,
Suns,Wizards,1,2,2,-7,25,30,,,,
Suns,Jazz,7,-13,-10,-15,25,10,,,,
Suns,Hawks,10,12,3,-13,25,7,,,,
Suns,Rockets,-12,-3,-1,9,25,22,,,,
Suns,Pelicans,10,8,18,21,25,19,,,,
Suns,Kings,-4,-7,-15,-4,25,11,,,,
Suns,Clippers,-2,7,10,9,25,5,,,,
Thunder,Spurs,2,-5,-4,6,26,24,,,,
Thunder,Magic,-4,-14,-18,3,26,14,,,,
Thunder,Nuggets,7,8,25,24,26,17,,,,
Thunder,Rockets,5,11,-3,-5,26,22,,,,
Thunder,Raptors,10,-1,8,-5,26,21,,,,
Thunder,Bulls,3,-7,-3,-6,26,2,,,,
Thunder,Suns,0,6,12,21,26,25,,,,
Thunder,Wizards,14,18,26,24,26,30,,,,
Thunder,Seventysixers,-6,5,10,17,26,23,,,,
Thunder,Celtics,0,7,2,-15,26,4,,,,
Thunder,Grizzlies,-2,-6,1,-8,26,6,,,,
Thunder,Pelicans,-6,8,6,7,26,19,,,,
Thunder,Knicks,-5,-4,-11,-3,26,12,,,,
Thunder,Mavericks,6,8,2,3,26,15,,,,
Thunder,Jazz,3,17,20,22,26,10,,,,
Thunder,Nets,-1,4,7,11,26,16,,,,
Thunder,Pistons,-2,-7,5,16,26,20,,,,
Thunder,Hawks,-10,-1,-5,-6,26,7,,,,
Thunder,Heat,5,1,2,-2,26,8,,,,
Thunder,Kings,3,3,12,3,26,11,,,,
Thunder,Grizzlies,3,12,35,37,26,6,,,,
Thunder,Hawks,7,11,8,13,26,7,,,,
Thunder,Jazz,12,8,5,4,26,10,,,,
Thunder,Jazz,-5,-13,-5,6,26,10,,,,
Thunder,Trailblazers,5,7,21,16,26,28,,,,
Thunder,Cavaliers,2,1,4,-4,26,3,,,,
Thunder,Lakers,20,26,37,40,26,13,,,,
Thunder,Clippers,-6,-2,-5,1,26,5,,,,
Thunder,Lakers,10,11,31,35,26,13,,,,
Thunder,Bulls,-6,-2,-18,-9,26,2,,,,
Thunder,Nuggets,1,-8,1,10,26,17,,,,
Thunder,Bucks,-1,11,4,8,26,1,,,,
Thunder,Suns,2,1,7,4,26,25,,,,
Thunder,Hornets,12,12,11,19,26,9,,,,
Thunder,Kings,2,-2,-8,-12,26,11,,,,
Thunder,Grizzlies,9,20,18,18,26,6,,,,
Thunder,Lakers,4,7,5,4,26,13,,,,
Thunder,Trailblazers,1,-6,5,-5,26,28,,,,
Thunder,Timberwolves,11,12,14,5,26,27,,,,
Thunder,Mavericks,10,23,19,19,26,15,,,,
Thunder,Timberwolves,14,14,17,20,26,27,,,,
Thunder,Heat,6,2,17,25,26,8,,,,
Thunder,Nuggets,-6,4,5,6,26,17,,,,
Thunder,Hornets,8,7,18,14,26,9,,,,
Thunder,Mavericks,2,-8,11,3,26,15,,,,
Thunder,Nets,-2,-8,-8,-10,26,16,,,,
Thunder,Knicks,4,-2,-3,6,26,12,,,,
Thunder,Timberwolves,0,-2,-3,3,26,27,,,,
Thunder,Rockets,-7,-3,6,8,26,22,,,,
Thunder,Wizards,10,12,16,16,26,30,,,,
Thunder,Magic,0,1,2,3,26,14,,,,
Thunder,Warriors,-5,-14,-8,-8,26,29,,,,
Thunder,Suns,9,0,4,16,26,25,,,,
Thunder,Pelicans,4,9,21,26,26,19,,,,
Thunder,Pacers,0,7,9,-3,26,18,,,,
Thunder,Cavaliers,1,-9,-22,-23,26,3,,,,
Thunder,Mavericks,9,7,6,13,26,15,,,,
Thunder,Pelicans,-3,3,-2,-4,26,19,,,,
Thunder,Warriors,10,11,5,-3,26,29,,,,
Thunder,Kings,4,8,10,15,26,11,,,,
Thunder,Clippers,13,20,17,-5,26,5,,,,
Thunder,Warriors,-1,-2,1,-15,26,29,,,,
Thunder,Bucks,20,16,5,8,26,1,,,,
Thunder,Clippers,10,2,10,12,26,5,,,,
Thunder,Timberwolves,-3,3,4,-3,26,27,,,,
Thunder,Spurs,-3,4,2,-8,26,24,,,,
Thunder,Trailblazers,9,24,30,34,26,28,,,,
Thunder,Celtics,5,11,27,21,26,4,,,,
Thunder,Seventysixers,4,6,17,14,26,23,,,,
Thunder,Pacers,-1,10,1,4,26,18,,,,
Thunder,Rockets,1,-1,1,4,26,22,,,,
Thunder,Jazz,3,11,21,22,26,10,,,,
Thunder,Spurs,-2,4,20,19,26,24,,,,
Thunder,Raptors,6,13,23,19,26,21,,,,
Thunder,Pistons,-4,2,-14,-6,26,20,,,,
Thunder,Clippers,7,-4,-4,2,26,5,,,,
Thunder,Rockets,-5,1,2,-8,26,22,,,,
Thunder,Nuggets,2,17,30,22,26,17,,,,
Thunder,Trailblazers,-7,-13,-16,-5,26,28,,,,
Thunder,Kings,8,-4,1,-2,26,11,,,,
Thunder,Lakers,6,10,28,33,26,13,,,,
Thunder,Spurs,11,10,-2,-4,26,24,,,,
Thunder,Mavericks,15,26,42,38,26,15,,,,
Thunder,Mavericks,-4,-2,3,-1,26,15,,,,
Thunder,Mavericks,6,10,19,29,26,15,,,,
Thunder,Mavericks,15,9,10,11,26,15,,,,
Thunder,Mavericks,11,7,10,14,26,15,,,,
Thunder,Spurs,-23,-33,-39,-32,26,24,,,,
Thunder,Spurs,8,3,1,1,26,24,,,,
Thunder,Spurs,-7,-5,-3,-4,26,24,,,,
Thunder,Spurs,-10,-8,-4,14,26,24,,,,
Thunder,Spurs,6,-5,-3,4,26,24,,,,
Thunder,Spurs,6,24,26,14,26,24,,,,
Thunder,Warriors,-6,-13,-3,6,26,29,,,,
Thunder,Warriors,-7,-8,-20,-27,26,29,,,,
Thunder,Warriors,6,25,37,28,26,29,,,,
Thunder,Warriors,4,19,12,24,26,29,,,,
Thunder,Warriors,-4,-8,-4,-9,26,29,,,,
Thunder,Warriors,3,5,8,-7,26,29,,,,
Thunder,Warriors,5,6,-11,-8,26,29,,,,
Timberwolves,Lakers,-9,-9,-7,1,27,13,,,,
Timberwolves,Nuggets,10,10,16,17,27,17,,,,
Timberwolves,Trailblazers,13,0,-3,-5,27,28,,,,
Timberwolves,Heat,-7,-10,-12,-12,27,8,,,,
Timberwolves,Bulls,2,1,-1,9,27,2,,,,
Timberwolves,Hawks,11,30,9,10,27,7,,,,
Timberwolves,Hornets,-1,-4,-5,-9,27,9,,,,
Timberwolves,Warriors,-13,-12,-10,-13,27,29,,,,
Timberwolves,Pacers,3,-11,-17,-4,27,18,,,,
Timberwolves,Grizzlies,1,-6,-2,-8,27,6,,,,
Timberwolves,Heat,-5,-5,-7,12,27,8,,,,
Timberwolves,Magic,8,14,5,-3,27,14,,,,
Timberwolves,Pistons,4,6,-3,-10,27,20,,,,
Timberwolves,Seventysixers,-7,-6,1,5,27,23,,,,
Timberwolves,Hawks,4,2,-4,4,27,7,,,,
Timberwolves,Kings,1,6,7,10,27,11,,,,
Timberwolves,Clippers,-4,-11,-10,-8,27,5,,,,
Timberwolves,Magic,-7,-13,-9,-3,27,14,,,,
Timberwolves,Trailblazers,10,13,2,-6,27,28,,,,
Timberwolves,Clippers,-4,2,6,-4,27,5,,,,
Timberwolves,Lakers,3,2,3,1,27,13,,,,
Timberwolves,Nuggets,6,15,5,-3,27,17,,,,
Timberwolves,Suns,2,-6,-19,-7,27,25,,,,
Timberwolves,Nuggets,-3,-14,-12,-12,27,17,,,,
Timberwolves,Knicks,-1,-20,-8,-5,27,12,,,,
Timberwolves,Kings,7,4,6,4,27,11,,,,
Timberwolves,Nets,10,9,10,15,27,16,,,,
Timberwolves,Celtics,-8,-7,-20,-14,27,4,,,,
Timberwolves,Spurs,-12,-14,-16,-25,27,24,,,,
Timberwolves,Pacers,0,1,2,-14,27,18,,,,
Timberwolves,Spurs,1,2,-4,-6,27,24,,,,
Timberwolves,Jazz,6,7,10,14,27,10,,,,
Timberwolves,Pistons,7,-8,-8,-25,27,20,,,,
Timberwolves,Bucks,13,3,-2,-10,27,1,,,,
Timberwolves,Seventysixers,-4,3,-1,-10,27,23,,,,
Timberwolves,Nuggets,4,2,-1,-4,27,17,,,,
Timberwolves,Cavaliers,-8,-16,-19,-26,27,3,,,,
Timberwolves,Mavericks,0,-6,-13,-6,27,15,,,,
Timberwolves,Thunder,-11,-12,-14,-5,27,26,,,,
Timberwolves,Rockets,1,-7,-4,-3,27,22,,,,
Timberwolves,Thunder,-14,-14,-17,-20,27,26,,,,
Timberwolves,Suns,1,10,14,30,27,25,,,,
Timberwolves,Pelicans,13,9,-7,-15,27,19,,,,
Timberwolves,Mavericks,10,0,3,-12,27,15,,,,
Timberwolves,Grizzlies,-5,11,10,5,27,6,,,,
Timberwolves,Cavaliers,-3,-4,-10,-7,27,3,,,,
Timberwolves,Thunder,0,2,3,-3,27,26,,,,
Timberwolves,Jazz,2,-1,-13,-13,27,10,,,,
Timberwolves,Trailblazers,0,-9,2,-3,27,28,,,,
Timberwolves,Lakers,-1,-14,-11,-4,27,13,,,,
Timberwolves,Clippers,0,-2,2,6,27,5,,,,
Timberwolves,Bulls,5,-6,0,7,27,2,,,,
Timberwolves,Pelicans,-6,-17,-25,-14,27,19,,,,
Timberwolves,Raptors,-6,-13,-1,5,27,21,,,,
Timberwolves,Grizzlies,-1,-3,5,-5,27,6,,,,
Timberwolves,Knicks,-15,-11,-20,-8,27,12,,,,
Timberwolves,Celtics,8,6,9,2,27,4,,,,
Timberwolves,Raptors,-9,-3,-1,-9,27,21,,,,
Timberwolves,Pelicans,-1,-11,-10,2,27,19,,,,
Timberwolves,Mavericks,-15,-11,-25,-27,27,15,,,,
Timberwolves,Wizards,3,-6,-8,-6,27,30,,,,
Timberwolves,Bucks,6,-6,-17,-15,27,1,,,,
Timberwolves,Nets,7,17,18,14,27,16,,,,
Timberwolves,Hornets,-5,2,-7,-5,27,9,,,,
Timberwolves,Spurs,-3,-12,-25,-25,27,24,,,,
Timberwolves,Thunder,3,-3,-4,3,27,26,,,,
Timberwolves,Suns,-2,10,2,-3,27,25,,,,
Timberwolves,Grizzlies,17,9,12,6,27,6,,,,
Timberwolves,Rockets,-8,-2,-10,-5,27,22,,,,
Timberwolves,Warriors,2,-3,0,-5,27,29,,,,
Timberwolves,Kings,-1,2,12,9,27,11,,,,
Timberwolves,Wizards,-2,0,-4,3,27,30,,,,
Timberwolves,Jazz,-8,-1,-1,-9,27,10,,,,
Timberwolves,Suns,3,5,15,5,27,25,,,,
Timberwolves,Clippers,-10,-13,-26,-20,27,5,,,,
Timberwolves,Jazz,-1,-2,-9,-13,27,10,,,,
Timberwolves,Mavericks,5,-1,-5,-10,27,15,,,,
Timberwolves,Warriors,-9,-9,-8,7,27,29,,,,
Timberwolves,Kings,4,7,7,8,27,11,,,,
Timberwolves,Trailblazers,-7,4,3,1,27,28,,,,
Timberwolves,Rockets,-17,-21,-29,-24,27,22,,,,
Timberwolves,Pelicans,17,22,27,35,27,19,,,,
Trailblazers,Pelicans,25,27,20,18,28,19,,,,
Trailblazers,Suns,-4,-6,-14,-18,28,25,,,,
Trailblazers,Suns,-4,-8,-3,-11,28,25,,,,
Trailblazers,Timberwolves,-13,0,3,5,28,27,,,,
Trailblazers,Jazz,1,8,8,16,28,10,,,,
Trailblazers,Grizzlies,-5,4,19,19,28,6,,,,
Trailblazers,Pistons,9,10,13,-17,28,20,,,,
Trailblazers,Nuggets,4,1,1,-4,28,17,,,,
Trailblazers,Spurs,-4,-12,-6,-12,28,24,,,,
Trailblazers,Grizzlies,1,-1,-9,-1,28,6,,,,
Trailblazers,Hornets,-8,-26,-23,-12,28,9,,,,
Trailblazers,Spurs,-4,-8,-5,-13,28,24,,,,
Trailblazers,Rockets,-1,11,15,-5,28,22,,,,
Trailblazers,Clippers,0,1,2,11,28,5,,,,
Trailblazers,Lakers,9,4,10,14,28,13,,,,
Trailblazers,Bulls,-7,-9,-8,-5,28,2,,,,
Trailblazers,Lakers,13,14,8,12,28,13,,,,
Trailblazers,Clippers,-11,0,-10,-15,28,5,,,,
Trailblazers,Mavericks,-9,2,-1,-3,28,15,,,,
Trailblazers,Pacers,-3,-3,7,12,28,18,,,,
Trailblazers,Timberwolves,-10,-13,-2,6,28,27,,,,
Trailblazers,Bucks,-9,-9,2,-2,28,1,,,,
Trailblazers,Cavaliers,8,9,-2,-5,28,3,,,,
Trailblazers,Suns,7,-4,-4,10,28,25,,,,
Trailblazers,Knicks,8,1,10,-2,28,12,,,,
Trailblazers,Pelicans,-5,2,9,4,28,19,,,,
Trailblazers,Thunder,-5,-7,-21,-16,28,26,,,,
Trailblazers,Magic,-3,-1,-6,-8,28,14,,,,
Trailblazers,Heat,9,10,4,-7,28,8,,,,
Trailblazers,Hawks,-9,-12,-19,-9,28,7,,,,
Trailblazers,Pelicans,-3,-17,-15,-26,28,19,,,,
Trailblazers,Cavaliers,22,29,31,29,28,3,,,,
Trailblazers,Kings,-1,-2,0,4,28,11,,,,
Trailblazers,Nuggets,-1,7,13,7,28,17,,,,
Trailblazers,Jazz,0,-18,-15,-13,28,10,,,,
Trailblazers,Nuggets,1,5,0,6,28,17,,,,
Trailblazers,Grizzlies,-2,-4,-18,-13,28,6,,,,
Trailblazers,Clippers,-13,-23,-15,-11,28,5,,,,
Trailblazers,Warriors,-17,-22,-19,-20,28,29,,,,
Trailblazers,Thunder,-1,6,-5,5,28,26,,,,
Trailblazers,Jazz,-1,6,15,14,28,10,,,,
Trailblazers,Nets,-1,7,4,12,28,16,,,,
Trailblazers,Seventysixers,-12,-25,-28,-25,28,23,,,,
Trailblazers,Wizards,15,2,18,10,28,30,,,,
Trailblazers,Hawks,-11,-5,-2,-6,28,7,,,,
Trailblazers,Lakers,15,10,25,18,28,13,,,,
Trailblazers,Kings,4,6,14,15,28,11,,,,
Trailblazers,Hornets,-4,5,14,18,28,9,,,,
Trailblazers,Timberwolves,0,9,-2,3,28,27,,,,
Trailblazers,Bucks,8,7,6,12,28,1,,,,
Trailblazers,Raptors,-12,-8,-7,-7,28,21,,,,
Trailblazers,Rockets,6,19,21,17,28,22,,,,
Trailblazers,Grizzlies,-2,2,0,6,28,6,,,,
Trailblazers,Rockets,0,11,11,13,28,22,,,,
Trailblazers,Warriors,11,6,25,32,28,29,,,,
Trailblazers,Jazz,-7,-5,-2,4,28,10,,,,
Trailblazers,Nets,13,14,3,8,28,16,,,,
Trailblazers,Rockets,6,15,7,-14,28,22,,,,
Trailblazers,Bulls,0,10,6,8,28,2,,,,
Trailblazers,Pacers,12,11,10,9,28,18,,,,
Trailblazers,Knicks,2,8,13,19,28,12,,,,
Trailblazers,Celtics,3,-6,-24,-23,28,4,,,,
Trailblazers,Raptors,-1,-6,-13,-2,28,21,,,,
Trailblazers,Pistons,-14,-7,-10,-20,28,20,,,,
Trailblazers,Wizards,7,-1,4,7,28,30,,,,
Trailblazers,Warriors,-13,-20,-24,-16,28,29,,,,
Trailblazers,Magic,7,21,25,37,28,14,,,,
Trailblazers,Thunder,-9,-24,-30,-34,28,26,,,,
Trailblazers,Spurs,5,-2,-17,-8,28,24,,,,
Trailblazers,Pelicans,6,14,12,5,28,19,,,,
Trailblazers,Mavericks,11,-3,-8,-12,28,15,,,,
Trailblazers,Mavericks,2,4,10,6,28,15,,,,
Trailblazers,Clippers,3,-7,0,-2,28,5,,,,
Trailblazers,Seventysixers,4,8,12,3,28,23,,,,
Trailblazers,Kings,5,16,28,12,28,11,,,,
Trailblazers,Celtics,-1,-4,-2,7,28,4,,,,
Trailblazers,Heat,-2,17,20,17,28,8,,,,
Trailblazers,Warriors,6,-7,-12,-25,28,29,,,,
Trailblazers,Kings,-3,-6,4,8,28,11,,,,
Trailblazers,Thunder,7,13,16,5,28,26,,,,
Trailblazers,Timberwolves,7,-4,-3,-1,28,27,,,,
Trailblazers,Nuggets,-4,2,8,8,28,17,,,,
Trailblazers,Clippers,-5,-8,-15,-20,28,5,,,,
Trailblazers,Clippers,-5,-4,-6,-21,28,5,,,,
Trailblazers,Clippers,3,9,3,8,28,5,,,,
Trailblazers,Clippers,4,4,2,14,28,5,,,,
Trailblazers,Clippers,0,-5,0,10,28,5,,,,
Trailblazers,Clippers,0,2,-2,3,28,5,,,,
Trailblazers,Warriors,-20,-14,-20,-12,28,29,,,,
Trailblazers,Warriors,13,8,11,-11,28,29,,,,
Trailblazers,Warriors,-6,12,13,12,28,29,,,,
Trailblazers,Warriors,8,10,-1,-7,28,29,,,,
Trailblazers,Warriors,3,5,-2,-4,28,29,,,,
Warriors,Pelicans,4,10,19,16,29,19,,,,
Warriors,Rockets,1,13,16,20,29,22,,,,
Warriors,Pelicans,3,-1,14,14,29,19,,,,
Warriors,Grizzlies,-1,19,44,50,29,6,,,,
Warriors,Clippers,6,7,-1,4,29,5,,,,
Warriors,Nuggets,17,30,24,15,29,17,,,,
Warriors,Kings,6,8,4,9,29,11,,,,
Warriors,Pistons,12,9,4,14,29,20,,,,
Warriors,Grizzlies,11,6,11,16,29,6,,,,
Warriors,Timberwolves,13,12,10,13,29,27,,,,
Warriors,Nets,-15,-2,-7,8,29,16,,,,
Warriors,Raptors,4,16,7,5,29,21,,,,
Warriors,Clippers,-16,-14,-6,7,29,5,,,,
Warriors,Bulls,-1,3,4,12,29,2,,,,
Warriors,Nuggets,11,6,12,13,29,17,,,,
Warriors,Lakers,19,16,34,34,29,13,,,,
Warriors,Suns,17,18,22,19,29,25,,,,
Warriors,Kings,1,10,21,19,29,11,,,,
Warriors,Jazz,6,5,6,3,29,10,,,,
Warriors,Hornets,9,9,21,17,29,9,,,,
Warriors,Raptors,11,10,4,3,29,21,,,,
Warriors,Nets,14,3,7,16,29,16,,,,
Warriors,Pacers,16,19,28,8,29,18,,,,
Warriors,Celtics,1,4,7,5,29,4,,,,
Warriors,Bucks,-2,-11,-3,-13,29,1,,,,
Warriors,Suns,-2,13,40,25,29,25,,,,
Warriors,Bucks,-3,-12,-8,9,29,1,,,,
Warriors,Jazz,10,9,15,18,29,10,,,,
Warriors,Cavaliers,9,3,5,6,29,3,,,,
Warriors,Kings,-2,-3,15,19,29,11,,,,
Warriors,Mavericks,-6,-18,-19,-23,29,15,,,,
Warriors,Rockets,3,2,8,4,29,22,,,,
Warriors,Nuggets,24,16,13,3,29,17,,,,
Warriors,Hornets,8,8,18,10,29,9,,,,
Warriors,Lakers,12,15,32,21,29,13,,,,
Warriors,Trailblazers,17,22,19,20,29,28,,,,
Warriors,Kings,-1,2,12,12,29,11,,,,
Warriors,Heat,2,2,3,8,29,8,,,,
Warriors,Nuggets,-7,-1,-10,-2,29,17,,,,
Warriors,Lakers,1,3,14,18,29,13,,,,
Warriors,Pistons,3,-16,-11,-18,29,20,,,,
Warriors,Cavaliers,13,26,37,34,29,3,,,,
Warriors,Bulls,16,19,24,31,29,2,,,,
Warriors,Pacers,14,13,13,12,29,18,,,,
Warriors,Spurs,6,15,29,30,29,24,,,,
Warriors,Mavericks,10,8,18,20,29,15,,,,
Warriors,Seventysixers,6,19,19,3,29,23,,,,
Warriors,Knicks,-2,6,17,21,29,12,,,,
Warriors,Wizards,15,14,11,13,29,30,,,,
Warriors,Thunder,5,14,8,8,29,26,,,,
Warriors,Rockets,15,3,0,13,29,22,,,,
Warriors,Suns,1,14,16,8,29,25,,,,
Warriors,Trailblazers,-11,-6,-25,-32,29,28,,,,
Warriors,Clippers,13,10,9,3,29,5,,,,
Warriors,Hawks,15,19,1,10,29,7,,,,
Warriors,Heat,-9,-4,-3,6,29,8,,,,
Warriors,Magic,3,-4,8,16,29,14,,,,
Warriors,Thunder,-10,-11,-5,3,29,26,,,,
Warriors,Hawks,6,11,5,4,29,7,,,,
Warriors,Thunder,1,2,-1,15,29,26,,,,
Warriors,Lakers,-1,-11,-11,-17,29,13,,,,
Warriors,Magic,13,13,17,6,29,14,,,,
Warriors,Jazz,2,11,18,21,29,10,,,,
Warriors,Trailblazers,13,20,24,16,29,28,,,,
Warriors,Suns,7,4,-9,7,29,25,,,,
Warriors,Pelicans,4,9,25,18,29,19,,,,
Warriors,Knicks,12,16,33,36,29,12,,,,
Warriors,Mavericks,6,6,9,18,29,15,,,,
Warriors,Spurs,1,-6,0,-8,29,24,,,,
Warriors,Timberwolves,-2,3,0,5,29,27,,,,
Warriors,Clippers,-5,2,9,16,29,5,,,,
Warriors,Mavericks,7,14,13,8,29,15,,,,
Warriors,Seventysixers,1,16,17,12,29,23,,,,
Warriors,Wizards,5,3,7,8,29,30,,,,
Warriors,Jazz,5,2,-6,7,29,10,,,,
Warriors,Celtics,2,-2,-3,-3,29,4,,,,
Warriors,Trailblazers,-6,7,12,25,29,28,,,,
Warriors,Timberwolves,9,9,8,-7,29,27,,,,
Warriors,Spurs,5,12,18,11,29,24,,,,
Warriors,Grizzlies,3,3,-8,1,29,6,,,,
Warriors,Spurs,-5,0,1,6,29,24,,,,
Warriors,Grizzlies,14,20,21,21,29,6,,,,
Warriors,Rockets,18,27,22,26,29,22,,,,
Warriors,Rockets,3,8,7,9,29,22,,,,
Warriors,Rockets,-13,-7,-6,-1,29,22,,,,
Warriors,Rockets,0,0,21,27,29,22,,,,
Warriors,Rockets,17,22,30,33,29,22,,,,
Warriors,Trailblazers,20,14,20,12,29,28,,,,
Warriors,Trailblazers,-13,-8,-11,11,29,28,,,,
Warriors,Trailblazers,6,-12,-13,-12,29,28,,,,
Warriors,Trailblazers,-8,-10,1,7,29,28,,,,
Warriors,Trailblazers,-3,-5,2,4,29,28,,,,
Warriors,Thunder,6,13,3,-6,29,26,,,,
Warriors,Thunder,7,8,20,27,29,26,,,,
Warriors,Thunder,-6,-25,-37,-28,29,26,,,,
Warriors,Thunder,-4,-19,-12,-24,29,26,,,,
Warriors,Thunder,4,8,4,9,29,26,,,,
Warriors,Thunder,-3,-5,-8,7,29,26,,,,
Warriors,Thunder,-5,-6,11,8,29,26,,,,
Warriors,Cavaliers,4,9,6,15,29,3,,,,
Warriors,Cavaliers,-2,8,20,33,29,3,,,,
Warriors,Cavaliers,-17,-8,-20,-30,29,3,,,,
Warriors,Cavaliers,1,-5,2,11,29,3,,,,
Warriors,Cavaliers,3,0,-9,-15,29,3,,,,
Warriors,Cavaliers,-20,-16,-9,-14,29,3,,,,
Warriors,Cavaliers,-1,7,1,-4,29,3,,,,
Wizards,Magic,2,2,-2,1,30,14,,,,
Wizards,Bucks,-11,-4,-10,5,30,1,,,,
Wizards,Knicks,0,-3,3,-7,30,12,,,,
Wizards,Spurs,-1,-4,-7,3,30,24,,,,
Wizards,Celtics,-15,-23,-26,-20,30,4,,,,
Wizards,Hawks,0,4,3,-15,30,7,,,,
Wizards,Thunder,-14,-18,-26,-24,30,26,,,,
Wizards,Magic,2,-6,3,9,30,14,,,,
Wizards,Bucks,-2,18,19,29,30,1,,,,
Wizards,Pistons,6,0,2,2,30,20,,,,
Wizards,Pacers,-2,-1,-11,-17,30,18,,,,
Wizards,Hornets,-4,-4,7,-14,30,9,,,,
Wizards,Celtics,-11,-18,-23,-33,30,4,,,,
Wizards,Raptors,7,6,6,-2,30,21,,,,
Wizards,Cavaliers,3,11,13,12,30,3,,,,
Wizards,Lakers,-12,-6,-3,-4,30,13,,,,
Wizards,Suns,-9,-9,-7,3,30,25,,,,
Wizards,Mavericks,-1,3,-3,-12,30,15,,,,
Wizards,Heat,10,5,3,11,30,8,,,,
Wizards,Rockets,-13,-9,1,-6,30,22,,,,
Wizards,Pelicans,-2,-1,0,-2,30,19,,,,
Wizards,Mavericks,-2,1,18,3,30,15,,,,
Wizards,Grizzlies,-4,-11,-22,-17,30,6,,,,
Wizards,Spurs,5,-3,-15,-19,30,24,,,,
Wizards,Hornets,1,6,11,8,30,9,,,,
Wizards,Kings,-1,4,0,14,30,11,,,,
Wizards,Grizzlies,7,11,16,9,30,6,,,,
Wizards,Nets,8,2,2,15,30,16,,,,
Wizards,Clippers,-14,-13,-15,-17,30,5,,,,
Wizards,Raptors,-1,-11,-12,-3,30,21,,,,
Wizards,Magic,3,5,0,12,30,14,,,,
Wizards,Heat,-1,-19,-22,-22,30,8,,,,
Wizards,Cavaliers,2,-12,-6,-6,30,3,,,,
Wizards,Raptors,8,0,-12,-9,30,21,,,,
Wizards,Magic,10,11,15,6,30,14,,,,
Wizards,Bulls,3,14,9,14,30,2,,,,
Wizards,Bucks,11,13,-3,5,30,1,,,,
Wizards,Pacers,-3,13,16,14,30,18,,,,
Wizards,Celtics,7,7,3,-2,30,4,,,,
Wizards,Trailblazers,-15,-2,-18,-10,30,28,,,,
Wizards,Heat,4,14,17,19,30,8,,,,
Wizards,Celtics,-2,-4,-14,-25,30,4,,,,
Wizards,Raptors,-6,-3,-7,-17,30,21,,,,
Wizards,Nuggets,0,-6,-12,-4,30,17,,,,
Wizards,Rockets,-4,-3,2,1,30,22,,,,
Wizards,Thunder,-10,-12,-16,-16,30,26,,,,
Wizards,Warriors,-15,-14,-11,-13,30,29,,,,
Wizards,Seventysixers,20,13,10,12,30,23,,,,
Wizards,Hornets,0,10,-3,-4,30,9,,,,
Wizards,Knicks,14,13,0,3,30,12,,,,
Wizards,Bucks,9,-9,1,-7,30,1,,,,
Wizards,Jazz,5,7,8,14,30,10,,,,
Wizards,Pistons,14,15,22,12,30,20,,,,
Wizards,Heat,-11,-15,-14,-20,30,8,,,,
Wizards,Pelicans,5,3,20,20,30,19,,,,
Wizards,Bulls,3,-2,-10,-5,30,2,,,,
Wizards,Seventysixers,-5,-4,4,9,30,23,,,,
Wizards,Cavaliers,7,9,26,14,30,3,,,,
Wizards,Seventysixers,4,12,-3,8,30,23,,,,
Wizards,Timberwolves,-3,6,8,6,30,27,,,,
Wizards,Cavaliers,-4,-17,-20,-25,30,3,,,,
Wizards,Pacers,6,8,2,-1,30,18,,,,
Wizards,Trailblazers,-7,1,-4,-7,30,28,,,,
Wizards,Jazz,-3,-8,-20,-21,30,10,,,,
Wizards,Nuggets,-4,-2,8,-16,30,17,,,,
Wizards,Pistons,19,21,30,43,30,20,,,,
Wizards,Bulls,7,11,18,21,30,2,,,,
Wizards,Seventysixers,8,19,12,5,30,23,,,,
Wizards,Knicks,-9,-10,10,10,30,12,,,,
Wizards,Hawks,-3,2,3,15,30,7,,,,
Wizards,Hawks,3,4,-6,-21,30,7,,,,
Wizards,Timberwolves,2,0,4,-3,30,27,,,,
Wizards,Lakers,-3,6,18,13,30,13,,,,
Wizards,Warriors,-5,-3,-7,-8,30,29,,,,
Wizards,Kings,2,-5,-6,-9,30,11,,,,
Wizards,Suns,-1,-2,-2,7,30,25,,,,
Wizards,Clippers,-10,-11,-11,-5,30,5,,,,
Wizards,Nets,7,2,13,18,30,16,,,,
Wizards,Pistons,-14,-7,-2,-13,30,20,,,,
Wizards,Hornets,1,7,12,15,30,9,,,,
Wizards,Nets,6,1,2,9,30,16,,,,
Wizards,Hawks,0,-2,8,11,30,7,,,,
